Bot #1 Type,Pruning,Depth,Heuristic,Wins,Mean Turn Time,    Stdev Turn Time,Bot #2 Type,Pruning,Depth,Heuristic,Wins,Mean Turn Time, Stdev Turn Time,    Mean # Turns/Match,Stdev # Rounds/Match,Mean Sec/Match, Stdev Sec/Match
MINIMAX,T,1,RATIO,0,0.00243463041462,0.00119960392389,MINIMAX,T,1,RATIO,1,0.0022889797344,0.0011056826489,461.0,0.0,1.0868639946,0.0
MINIMAX,T,1,RATIO,1,0.0201978683472,0.00450053630326,MINIMAX,T,1,VORONOI,0,0.00173381817194,0.000944832938798,324.0,0.0,3.53293085098,0.0
MINIMAX,T,1,RATIO,1,0.0363688599932,0.00732143199185,MINIMAX,T,1,CHAMBER,0,0.00109391108803,0.000464724366681,184.0,0.0,3.41032505035,0.0
MINIMAX,T,1,RATIO,0,0.00670012973604,0.00374823494305,MINIMAX,T,2,RATIO,1,0.002336016909,0.0011892792774,461.0,0.0,2.08300995827,0.0
MINIMAX,T,1,RATIO,0,0.0618844792463,0.028048656688,MINIMAX,T,2,VORONOI,1,0.00211437504466,0.00105744216798,413.0,0.0,13.2438421249,0.0
MINIMAX,T,1,RATIO,1,0.134214286146,0.0326144798844,MINIMAX,T,2,CHAMBER,0,0.000806004314099,0.000293414463882,118.0,0.0,7.83207702637,0.0
MINIMAX,T,1,RATIO,0,0.0139624494495,0.00824938799977,MINIMAX,T,3,RATIO,1,0.00231348583271,0.00122183682855,461.0,0.0,3.7554500103,0.0
MINIMAX,T,1,RATIO,1,0.157336705023,0.0949978707777,MINIMAX,T,3,VORONOI,0,0.00156898839133,0.000937792020983,280.0,0.0,22.089662075,0.0
MINIMAX,T,1,RATIO,1,0.321984381903,0.120693295337,MINIMAX,T,3,CHAMBER,0,0.00143133561442,0.000665099753502,254.0,0.0,40.7520129681,0.0
MINIMAX,T,1,RATIO,1,0.0175361790343,0.0102298369624,MINIMAX,T,4,RATIO,0,0.00178734177635,0.00112313327105,336.0,0.0,3.22905707359,0.0
MINIMAX,T,1,RATIO,0,0.321859357047,0.205572159521,MINIMAX,T,4,VORONOI,1,0.0018156337738,0.000853028800944,353.0,0.0,57.28708601,0.0
MINIMAX,T,1,RATIO,1,0.536987499152,0.32618118221,MINIMAX,T,4,CHAMBER,0,0.00185266998079,0.0008830237249,360.0,0.0,96.4545230865,0.0
MINIMAX,T,1,RATIO,0,0.0024491223422,0.00120470105635,MINIMAX,F,1,RATIO,1,0.00229221660497,0.00111467601957,461.0,0.0,1.09097290039,0.0
MINIMAX,T,1,RATIO,1,0.0200896514869,0.00454845697927,MINIMAX,F,1,VORONOI,0,0.00172731169948,0.000983953995579,324.0,0.0,3.51446986198,0.0
MINIMAX,T,1,RATIO,1,0.0362924114688,0.00738847977762,MINIMAX,F,1,CHAMBER,0,0.00111702991569,0.000479770985462,184.0,0.0,3.40551400185,0.0
MINIMAX,T,1,RATIO,0,0.00901678423861,0.00461845355442,MINIMAX,F,2,RATIO,1,0.00230351077417,0.00116227544928,461.0,0.0,2.61070394516,0.0
MINIMAX,T,1,RATIO,1,0.0697414716085,0.0285354299984,MINIMAX,F,2,VORONOI,0,0.00197284318963,0.000946967410769,392.0,0.0,13.9865500927,0.0
MINIMAX,T,1,RATIO,1,0.116518483017,0.041481695339,MINIMAX,F,2,CHAMBER,0,0.00210724106754,0.00470594045078,332.0,0.0,19.5755851269,0.0
MINIMAX,T,1,RATIO,0,0.0201825940764,0.0105464703007,MINIMAX,F,3,RATIO,1,0.0022901541281,0.00118907088769,461.0,0.0,5.18697094917,0.0
MINIMAX,T,1,RATIO,0,0.191553336752,0.100155651313,MINIMAX,F,3,VORONOI,1,0.00180187634059,0.000866418908916,353.0,0.0,34.2205429077,0.0
MINIMAX,T,1,RATIO,1,0.339017972161,0.157000110247,MINIMAX,F,3,CHAMBER,0,0.0019478378056,0.00350690917211,318.0,0.0,53.8748009205,0.0
MINIMAX,T,1,RATIO,0,0.0455344579953,0.0270505006672,MINIMAX,F,4,RATIO,1,0.00224240898565,0.00112731199749,461.0,0.0,11.032307148,0.0
MINIMAX,T,1,RATIO,0,0.393320956668,0.336787369851,MINIMAX,F,4,VORONOI,1,0.00205641839562,0.00100173669004,413.0,0.0,81.8393340111,0.0
MINIMAX,T,1,RATIO,1,0.961195373068,0.557426693381,MINIMAX,F,4,CHAMBER,0,0.00119456735629,0.000501879936424,206.0,0.0,98.1651380062,0.0
MINIMAX,T,1,RATIO,0,3.61572293674e-05,0.000207972240484,NAIVE,N/A,N/A,N/A,1,0.00156389421491,0.000723349886324,271.0,0.0,0.21463394165,0.0
MINIMAX,T,1,VORONOI,1,0.000500542776925,0.000113597159001,MINIMAX,T,1,RATIO,0,0.0245191617446,0.00569536693516,44.0,0.0,0.549968004227,0.0
MINIMAX,T,1,VORONOI,1,0.0261072317759,0.00151250137551,MINIMAX,T,1,VORONOI,0,0.0250183105469,0.00312196706049,20.0,0.0,0.48516702652,0.0
MINIMAX,T,1,VORONOI,1,0.0433406564924,0.0029690481891,MINIMAX,T,1,CHAMBER,0,0.0237349510193,0.00328410689351,20.0,0.0,0.627429962158,0.0
MINIMAX,T,1,VORONOI,1,0.00137677646819,0.000447747101947,MINIMAX,T,2,RATIO,0,0.0247622078115,0.00535315253267,44.0,0.0,0.573719024658,0.0
MINIMAX,T,1,VORONOI,1,0.092466378212,0.00743898352004,MINIMAX,T,2,VORONOI,0,0.0285980267958,0.00753303068194,22.0,0.0,1.23925590515,0.0
MINIMAX,T,1,VORONOI,1,0.138670134544,0.0201825385214,MINIMAX,T,2,CHAMBER,0,0.026515418833,0.00466618950685,22.0,0.0,1.67838716507,0.0
MINIMAX,T,1,VORONOI,1,0.0024766537451,0.001200218382,MINIMAX,T,3,RATIO,0,0.0222027376294,0.00570576393785,64.0,0.0,0.787305831909,0.0
MINIMAX,T,1,VORONOI,1,0.232072520256,0.0730320887917,MINIMAX,T,3,VORONOI,0,0.0281450748444,0.00952012960535,22.0,0.0,2.63033890724,0.0
MINIMAX,T,1,VORONOI,1,0.208853410215,0.172833693707,MINIMAX,T,3,CHAMBER,0,0.0207174396515,0.00565050474852,100.0,0.0,11.2697708607,0.0
MINIMAX,T,1,VORONOI,1,0.00511182438244,0.00202323991215,MINIMAX,T,4,RATIO,0,0.0219655457665,0.005720202776,68.0,0.0,0.915584087372,0.0
MINIMAX,T,1,VORONOI,1,0.652472901344,0.144187036586,MINIMAX,T,4,VORONOI,0,0.0370358770544,0.0339598015946,22.0,0.0,6.93215799332,0.0
MINIMAX,T,1,VORONOI,1,0.636820305949,0.510415894109,MINIMAX,T,4,CHAMBER,0,0.0204860170682,0.00628783369364,48.0,0.0,15.1385669708,0.0
MINIMAX,T,1,VORONOI,1,0.000464155560448,0.000102768314724,MINIMAX,F,1,RATIO,0,0.0242931409316,0.00568016543951,44.0,0.0,0.544224023819,0.0
MINIMAX,T,1,VORONOI,1,0.0265426635742,0.0020794364886,MINIMAX,F,1,VORONOI,0,0.0248623609543,0.00165940564267,20.0,0.0,0.487524032593,0.0
MINIMAX,T,1,VORONOI,1,0.0417552259233,0.00164269962475,MINIMAX,F,1,CHAMBER,0,0.0250428915024,0.000762741713305,20.0,0.0,0.626239061356,0.0
MINIMAX,T,1,VORONOI,1,0.00186056182498,0.000449738969858,MINIMAX,F,2,RATIO,0,0.023929270831,0.00483986388891,44.0,0.0,0.56555390358,0.0
MINIMAX,T,1,VORONOI,1,0.100478225284,0.0020914535782,MINIMAX,F,2,VORONOI,0,0.0278902769089,0.00870447280007,20.0,0.0,1.18322515488,0.0
MINIMAX,T,1,VORONOI,1,0.171932485369,0.00401401608589,MINIMAX,F,2,CHAMBER,0,0.0313024282455,0.0168811273206,20.0,0.0,1.86043596268,0.0
MINIMAX,T,1,VORONOI,1,0.0100004281083,0.00666309599886,MINIMAX,F,3,RATIO,0,0.0185404245545,0.00635218922632,294.0,0.0,4.18571901321,0.0
MINIMAX,T,1,VORONOI,0,0.17136704608,0.115198462252,MINIMAX,F,3,VORONOI,1,0.020718951483,0.00510651980137,151.0,0.0,14.5572149754,0.0
MINIMAX,T,1,VORONOI,1,0.286581207877,0.195117941931,MINIMAX,F,3,CHAMBER,0,0.019283335696,0.00621371697007,186.0,0.0,28.1589751244,0.0
MINIMAX,T,1,VORONOI,1,0.0198171561491,0.0155716761756,MINIMAX,F,4,RATIO,0,0.01879511081,0.00625125722138,284.0,0.0,5.46331501007,0.0
MINIMAX,T,1,VORONOI,1,0.361404273821,0.312329424687,MINIMAX,F,4,VORONOI,0,0.0192913082864,0.00540998163817,278.0,0.0,52.5554940701,0.0
MINIMAX,T,1,VORONOI,1,0.888120350772,0.487492960674,MINIMAX,F,4,CHAMBER,0,0.0227887340494,0.00552239548849,148.0,0.0,66.519272089,0.0
MINIMAX,T,1,VORONOI,1,1.7856558164e-05,5.05838031014e-06,NAIVE,N/A,N/A,N/A,0,0.0216087467816,0.00506362494067,98.0,0.0,1.0597448349,0.0
MINIMAX,T,1,CHAMBER,1,0.000492629550752,0.000127710633335,MINIMAX,T,1,RATIO,0,0.0403870886022,0.00886145155313,44.0,0.0,0.898900985718,0.0
MINIMAX,T,1,CHAMBER,1,0.0258447329203,0.00140283253881,MINIMAX,T,1,VORONOI,0,0.0389057636261,0.0131519263912,20.0,0.0,0.621676921844,0.0
MINIMAX,T,1,CHAMBER,1,0.0431792206234,0.00217352218991,MINIMAX,T,1,CHAMBER,0,0.0374749898911,0.0124550071478,20.0,0.0,0.763377904892,0.0
MINIMAX,T,1,CHAMBER,1,0.00132907004583,0.000355805260829,MINIMAX,T,2,RATIO,0,0.0407331423326,0.00905890593577,44.0,0.0,0.924075841904,0.0
MINIMAX,T,1,CHAMBER,1,0.0925874948502,0.0134589222101,MINIMAX,T,2,VORONOI,0,0.0407446731221,0.0051736475348,22.0,0.0,1.37408685684,0.0
MINIMAX,T,1,CHAMBER,1,0.146434164047,0.0170130182089,MINIMAX,T,2,CHAMBER,0,0.0424157055941,0.00179829748364,22.0,0.0,1.93093299866,0.0
MINIMAX,T,1,CHAMBER,1,0.00269476059944,0.00109137465784,MINIMAX,T,3,RATIO,0,0.0370605066419,0.00972745251957,64.0,0.0,1.26951408386,0.0
MINIMAX,T,1,CHAMBER,1,0.122244590619,0.0917397235304,MINIMAX,T,3,VORONOI,0,0.0327816532879,0.00895224187669,246.0,0.0,18.9461650848,0.0
MINIMAX,T,1,CHAMBER,1,0.397820305824,0.132688007296,MINIMAX,T,3,CHAMBER,0,0.0382347323678,0.0121293018679,22.0,0.0,4.39880394936,0.0
MINIMAX,T,1,CHAMBER,1,0.00563598814465,0.00200796345498,MINIMAX,T,4,RATIO,0,0.0403149236332,0.00906080799497,44.0,0.0,1.00532007217,0.0
MINIMAX,T,1,CHAMBER,1,0.27888923751,0.241851339339,MINIMAX,T,4,VORONOI,0,0.033312860426,0.00867095829293,182.0,0.0,28.1316430569,0.0
MINIMAX,T,1,CHAMBER,1,0.475441555977,0.460039358666,MINIMAX,T,4,CHAMBER,0,0.0340693417717,0.00935594213494,102.0,0.0,25.5096940994,0.0
MINIMAX,T,1,CHAMBER,1,0.000467697779338,0.000104322184915,MINIMAX,F,1,RATIO,0,0.0398789427497,0.0087328350336,44.0,0.0,0.887189149857,0.0
MINIMAX,T,1,CHAMBER,1,0.0252924760183,0.000827175529695,MINIMAX,F,1,VORONOI,0,0.0390211820602,0.00750369372776,20.0,0.0,0.617861032486,0.0
MINIMAX,T,1,CHAMBER,1,0.0423907703824,0.00220303009552,MINIMAX,F,1,CHAMBER,0,0.0403646230698,0.0046680863304,20.0,0.0,0.785175800323,0.0
MINIMAX,T,1,CHAMBER,1,0.00184275990441,0.000399598892748,MINIMAX,F,2,RATIO,0,0.0395114963705,0.00829932573692,44.0,0.0,0.907984018326,0.0
MINIMAX,T,1,CHAMBER,1,0.100398990843,0.00149548371472,MINIMAX,F,2,VORONOI,0,0.0435542345047,0.00408321420898,20.0,0.0,1.33915090561,0.0
MINIMAX,T,1,CHAMBER,1,0.170411692725,0.00360710754112,MINIMAX,F,2,CHAMBER,0,0.0465144872665,0.011933881579,20.0,0.0,1.99886488914,0.0
MINIMAX,T,1,CHAMBER,1,0.00813125214487,0.00487050749442,MINIMAX,F,3,RATIO,0,0.0325505087309,0.00965832727143,214.0,0.0,4.34498405457,0.0
MINIMAX,T,1,CHAMBER,1,0.178865197377,0.115874126866,MINIMAX,F,3,VORONOI,0,0.0333337119863,0.00960058168323,158.0,0.0,16.5849680901,0.0
MINIMAX,T,1,CHAMBER,1,0.313820665023,0.190062094338,MINIMAX,F,3,CHAMBER,0,0.0339226999948,0.00916481432581,172.0,0.0,29.5922560692,0.0
MINIMAX,T,1,CHAMBER,1,0.0181641938551,0.0125607979545,MINIMAX,F,4,RATIO,0,0.0331833117476,0.00984029955375,214.0,0.0,5.47618985176,0.0
MINIMAX,T,1,CHAMBER,0,0.406418040545,0.304351555635,MINIMAX,F,4,VORONOI,1,0.0285945850976,0.00954018895179,395.0,0.0,86.0756289959,0.0
MINIMAX,T,1,CHAMBER,1,0.583143901117,0.492349002777,MINIMAX,F,4,CHAMBER,0,0.0273918729698,0.00986673505064,406.0,0.0,123.355979919,0.0
MINIMAX,T,1,CHAMBER,1,1.80999437968e-05,2.79648212921e-06,NAIVE,N/A,N/A,N/A,0,0.0361772945949,0.00885875645024,98.0,0.0,1.77362012863,0.0
MINIMAX,T,2,RATIO,0,0.0024687513392,0.00125184374827,MINIMAX,T,1,RATIO,1,0.0067403265335,0.00358309798203,469.0,0.0,2.15097689629,0.0
MINIMAX,T,2,RATIO,1,0.0212115398769,0.00517452012469,MINIMAX,T,1,VORONOI,0,0.00332762644841,0.00181703984456,234.0,0.0,2.85002613068,0.0
MINIMAX,T,2,RATIO,0,0.0324598278318,0.0108275850913,MINIMAX,T,1,CHAMBER,1,0.00229590429979,0.00117450750379,139.0,0.0,2.42842388153,0.0
MINIMAX,T,2,RATIO,1,0.0058430750013,0.00308903367212,MINIMAX,T,2,RATIO,0,0.00594408695514,0.00296168921046,416.0,0.0,2.44614696503,0.0
MINIMAX,T,2,RATIO,0,0.0739615304129,0.0248788931148,MINIMAX,T,2,VORONOI,1,0.00264457384745,0.00130903101417,153.0,0.0,5.8934879303,0.0
MINIMAX,T,2,RATIO,1,0.133809212981,0.0352914667614,MINIMAX,T,2,CHAMBER,0,0.00210310645023,0.00107192822021,118.0,0.0,7.88510918617,0.0
MINIMAX,T,2,RATIO,0,0.0099528347705,0.00515634979535,MINIMAX,T,3,RATIO,1,0.00475260325841,0.00214804415171,353.0,0.0,2.59361696243,0.0
MINIMAX,T,2,RATIO,1,0.205198237631,0.0832647989209,MINIMAX,T,3,VORONOI,0,0.00306187357221,0.00162848328156,182.0,0.0,18.746598959,0.0
MINIMAX,T,2,RATIO,1,0.248990827593,0.162180182099,MINIMAX,T,3,CHAMBER,0,0.00359699053642,0.00453220760411,234.0,0.0,29.3039648533,0.0
MINIMAX,T,2,RATIO,0,0.011093325842,0.00654435022073,MINIMAX,T,4,RATIO,1,0.00315533332454,0.00167849245173,209.0,0.0,1.48995804787,0.0
MINIMAX,T,2,RATIO,0,0.305066718182,0.213693385731,MINIMAX,T,4,VORONOI,1,0.00406363861901,0.00214173378325,283.0,0.0,43.8885989189,0.0
MINIMAX,T,2,RATIO,0,0.637485257957,0.38568087724,MINIMAX,T,4,CHAMBER,1,0.002820136812,0.00144363914636,183.0,0.0,58.9026079178,0.0
MINIMAX,T,2,RATIO,0,0.00280519658869,0.00143124631154,MINIMAX,F,1,RATIO,1,0.00689623993395,0.00336732729934,549.0,0.0,2.65451097488,0.0
MINIMAX,T,2,RATIO,0,0.0178908624432,0.0070294137081,MINIMAX,F,1,VORONOI,1,0.00458833129927,0.00220639250868,351.0,0.0,3.94741392136,0.0
MINIMAX,T,2,RATIO,1,0.0310702636128,0.0111977193818,MINIMAX,F,1,CHAMBER,0,0.00271111095653,0.0013767615375,170.0,0.0,2.84047889709,0.0
MINIMAX,T,2,RATIO,0,0.00792769783909,0.00411192946282,MINIMAX,F,2,RATIO,1,0.00545618230221,0.00255085075165,411.0,0.0,2.74646091461,0.0
MINIMAX,T,2,RATIO,0,0.0725091117801,0.0307112247879,MINIMAX,F,2,VORONOI,1,0.00209594517946,0.00113068615116,131.0,0.0,4.91983699799,0.0
MINIMAX,T,2,RATIO,1,0.144150682858,0.0452572647244,MINIMAX,F,2,CHAMBER,0,0.00161045096641,0.000663285635694,86.0,0.0,6.12364602089,0.0
MINIMAX,T,2,RATIO,0,0.0131946817423,0.00598095099959,MINIMAX,F,3,RATIO,1,0.00471273645178,0.0022421909637,311.0,0.0,2.78436207771,0.0
MINIMAX,T,2,RATIO,0,0.226657499207,0.113803362214,MINIMAX,F,3,VORONOI,1,0.0026137937199,0.00102496096607,179.0,0.0,20.6293261051,0.0
MINIMAX,T,2,RATIO,1,0.340848588943,0.187398419252,MINIMAX,F,3,CHAMBER,0,0.00297098855178,0.00149450866134,192.0,0.0,32.6659939289,0.0
MINIMAX,T,2,RATIO,0,0.036082470417,0.019021017999,MINIMAX,F,4,RATIO,1,0.00500283348426,0.00237828015398,359.0,0.0,7.38562202454,0.0
MINIMAX,T,2,RATIO,0,0.601876992858,0.385981003184,MINIMAX,F,4,VORONOI,1,0.00269722938538,0.00110253981629,177.0,0.0,53.801872015,0.0
MINIMAX,T,2,RATIO,0,0.824981183097,0.622068848598,MINIMAX,F,4,CHAMBER,1,0.00302686969053,0.00151624743916,209.0,0.0,86.9349589348,0.0
MINIMAX,T,2,RATIO,0,4.46041425069e-05,0.000282926247505,NAIVE,N/A,N/A,N/A,1,0.00349812912491,0.00199354538433,215.0,0.0,0.375749111176,0.0
MINIMAX,T,2,VORONOI,1,0.00101266763149,0.000415569932649,MINIMAX,T,1,RATIO,0,0.0678329286696,0.0291127938514,158.0,0.0,5.43791794777,0.0
MINIMAX,T,2,VORONOI,1,0.0206464005889,0.00480630827696,MINIMAX,T,1,VORONOI,0,0.0554648467473,0.0297997935325,280.0,0.0,10.6351130009,0.0
MINIMAX,T,2,VORONOI,0,0.0323387042336,0.00954672463483,MINIMAX,T,1,CHAMBER,1,0.0544607765907,0.030973214413,229.0,0.0,9.8732008934,0.0
MINIMAX,T,2,VORONOI,0,0.00320257796898,0.00186162922397,MINIMAX,T,2,RATIO,1,0.0615427428429,0.0267968607582,221.0,0.0,7.06381988525,0.0
MINIMAX,T,2,VORONOI,1,0.0620551796283,0.0287622697236,MINIMAX,T,2,VORONOI,0,0.0589151144028,0.0305104780149,120.0,0.0,7.19624710083,0.0
MINIMAX,T,2,VORONOI,1,0.101846630456,0.0438165195047,MINIMAX,T,2,CHAMBER,0,0.0575130838689,0.0296498037721,246.0,0.0,19.4995958805,0.0
MINIMAX,T,2,VORONOI,0,0.00305508939843,0.00156977828477,MINIMAX,T,3,RATIO,1,0.0711065928141,0.0195837981349,75.0,0.0,2.67598390579,0.0
MINIMAX,T,2,VORONOI,1,0.170953347569,0.0895218525852,MINIMAX,T,3,VORONOI,0,0.0575055798819,0.031084080721,86.0,0.0,9.65284609795,0.0
MINIMAX,T,2,VORONOI,1,0.303399467468,0.172271793263,MINIMAX,T,3,CHAMBER,0,0.0648400875238,0.0320490897917,52.0,0.0,9.27086901665,0.0
MINIMAX,T,2,VORONOI,1,0.0101035833359,0.00746100141629,MINIMAX,T,4,RATIO,0,0.0653513985119,0.021958938259,174.0,0.0,6.5546028614,0.0
MINIMAX,T,2,VORONOI,0,0.39054925514,0.306526277826,MINIMAX,T,4,VORONOI,1,0.0683702961091,0.0283683116326,65.0,0.0,15.0076630116,0.0
MINIMAX,T,2,VORONOI,0,0.531822709101,0.358722297418,MINIMAX,T,4,CHAMBER,1,0.0616380648179,0.0274533691886,223.0,0.0,66.3445258141,0.0
MINIMAX,T,2,VORONOI,1,0.00100477536519,0.00041658869642,MINIMAX,F,1,RATIO,0,0.0678474993645,0.0292414283545,158.0,0.0,5.43843984604,0.0
MINIMAX,T,2,VORONOI,1,0.0201956733825,0.00613404359721,MINIMAX,F,1,VORONOI,0,0.0539678484201,0.0360595538683,128.0,0.0,4.72636294365,0.0
MINIMAX,T,2,VORONOI,0,0.0356552398811,0.00872811495964,MINIMAX,F,1,CHAMBER,1,0.0546219558047,0.0334796169683,117.0,0.0,5.21720910072,0.0
MINIMAX,T,2,VORONOI,1,0.00516613197327,0.00267408028925,MINIMAX,F,2,RATIO,0,0.0732738839255,0.0245013291157,252.0,0.0,9.8784661293,0.0
MINIMAX,T,2,VORONOI,0,0.0804996673877,0.030613802306,MINIMAX,F,2,VORONOI,1,0.0592769583066,0.0356388051697,51.0,0.0,3.51567292213,0.0
MINIMAX,T,2,VORONOI,0,0.10311225708,0.0458481730892,MINIMAX,F,2,CHAMBER,1,0.0548887860855,0.0272883444364,301.0,0.0,23.748623848,0.0
MINIMAX,T,2,VORONOI,0,0.0106155112781,0.00584622228133,MINIMAX,F,3,RATIO,1,0.0644394964785,0.019002217349,225.0,0.0,8.35250306129,0.0
MINIMAX,T,2,VORONOI,0,0.215551137924,0.10139312508,MINIMAX,F,3,VORONOI,1,0.0636000352747,0.0311588043384,71.0,0.0,9.92230391502,0.0
MINIMAX,T,2,VORONOI,1,0.322900517042,0.15413272937,MINIMAX,F,3,CHAMBER,0,0.0613440201833,0.0267040723966,260.0,0.0,49.6291110516,0.0
MINIMAX,T,2,VORONOI,0,0.02959245217,0.0214688467558,MINIMAX,F,4,RATIO,1,0.0530092792633,0.025375321249,315.0,0.0,12.945319891,0.0
MINIMAX,T,2,VORONOI,1,0.591286826134,0.292737191025,MINIMAX,F,4,VORONOI,0,0.0549976767563,0.0359288947418,82.0,0.0,25.906441927,0.0
MINIMAX,T,2,VORONOI,1,0.992533269476,0.465992994766,MINIMAX,F,4,CHAMBER,0,0.0602685020816,0.0308088019784,124.0,0.0,64.2812788486,0.0
MINIMAX,T,2,VORONOI,0,3.83648083364e-05,0.000222951720882,NAIVE,N/A,N/A,N/A,1,0.0508612333423,0.0272670915635,277.0,0.0,6.973498106,0.0
MINIMAX,T,2,CHAMBER,1,0.00097029738956,0.00039735316464,MINIMAX,T,1,RATIO,0,0.10591584689,0.0456718160537,146.0,0.0,7.8018348217,0.0
MINIMAX,T,2,CHAMBER,1,0.0223470850194,0.00406718200247,MINIMAX,T,1,VORONOI,0,0.0986462682486,0.0518350161863,96.0,0.0,5.78542590141,0.0
MINIMAX,T,2,CHAMBER,0,0.0332376119253,0.00862912185672,MINIMAX,T,1,CHAMBER,1,0.0771201406206,0.064536374399,73.0,0.0,3.92905187607,0.0
MINIMAX,T,2,CHAMBER,0,0.00253897818966,0.00129592461185,MINIMAX,T,2,RATIO,1,0.108500655018,0.0497308181023,137.0,0.0,7.44484210014,0.0
MINIMAX,T,2,CHAMBER,1,0.0594559378094,0.0353839619817,MINIMAX,T,2,VORONOI,0,0.108173734263,0.0579335810299,38.0,0.0,3.12554001808,0.0
MINIMAX,T,2,CHAMBER,1,0.113455354553,0.0430436288793,MINIMAX,T,2,CHAMBER,0,0.105432082196,0.0477990533393,196.0,0.0,21.3376760483,0.0
MINIMAX,T,2,CHAMBER,0,0.00459941114698,0.00317267306631,MINIMAX,T,3,RATIO,1,0.113816159613,0.0363173402865,139.0,0.0,8.06156277657,0.0
MINIMAX,T,2,CHAMBER,1,0.147866185788,0.0845385209939,MINIMAX,T,3,VORONOI,0,0.0871427017346,0.0504775801189,228.0,0.0,26.6433231831,0.0
MINIMAX,T,2,CHAMBER,0,0.240164744227,0.137834291982,MINIMAX,T,3,CHAMBER,1,0.076010439847,0.0503462484918,151.0,0.0,23.877425909,0.0
MINIMAX,T,2,CHAMBER,0,0.00903272369634,0.00760719557454,MINIMAX,T,4,RATIO,1,0.105547626813,0.0424189948953,183.0,0.0,10.3304381371,0.0
MINIMAX,T,2,CHAMBER,0,0.223216443034,0.231082907627,MINIMAX,T,4,VORONOI,1,0.0903525535877,0.0451187083791,341.0,0.0,53.4398620129,0.0
MINIMAX,T,2,CHAMBER,1,0.535520443276,0.431774791951,MINIMAX,T,4,CHAMBER,0,0.0971499997027,0.0472937178781,136.0,0.0,42.4861910343,0.0
MINIMAX,T,2,CHAMBER,1,0.000963767369588,0.000405224285432,MINIMAX,F,1,RATIO,0,0.106589095233,0.0456284017276,146.0,0.0,7.85051107407,0.0
MINIMAX,T,2,CHAMBER,0,0.01688127688,0.00679347496619,MINIMAX,F,1,VORONOI,1,0.0742935581484,0.052067964721,279.0,0.0,12.6160979271,0.0
MINIMAX,T,2,CHAMBER,0,0.0368014385826,0.0112486647698,MINIMAX,F,1,CHAMBER,1,0.0982893915737,0.06486180907,37.0,0.0,2.37017703056,0.0
MINIMAX,T,2,CHAMBER,1,0.00502484130859,0.00243955682368,MINIMAX,F,2,RATIO,0,0.105024695396,0.0427858761119,252.0,0.0,13.8613979816,0.0
MINIMAX,T,2,CHAMBER,0,0.0634952435451,0.0292779513995,MINIMAX,F,2,VORONOI,1,0.0703483057452,0.0563274442357,225.0,0.0,14.9837870598,0.0
MINIMAX,T,2,CHAMBER,0,0.125373816958,0.0444200180995,MINIMAX,F,2,CHAMBER,1,0.0911908879572,0.0523012033751,101.0,0.0,10.8624999523,0.0
MINIMAX,T,2,CHAMBER,0,0.0233838491413,0.0154284021135,MINIMAX,F,3,RATIO,1,0.0577948006106,0.0396818538745,713.0,0.0,28.8657250404,0.0
MINIMAX,T,2,CHAMBER,1,0.189904747495,0.0957375413932,MINIMAX,F,3,VORONOI,0,0.0878837485857,0.0443413244337,316.0,0.0,43.7009081841,0.0
MINIMAX,T,2,CHAMBER,0,0.274644465823,0.175348121771,MINIMAX,F,3,CHAMBER,1,0.081536043485,0.0480610642725,303.0,0.0,53.9766259193,0.0
MINIMAX,T,2,CHAMBER,0,0.0269032099417,0.0151821322709,MINIMAX,F,4,RATIO,1,0.096816739169,0.0449455165893,223.0,0.0,13.6631679535,0.0
MINIMAX,T,2,CHAMBER,1,0.569913244247,0.307664067298,MINIMAX,F,4,VORONOI,0,0.107064890307,0.0419663535477,172.0,0.0,57.6503579617,0.0
MINIMAX,T,2,CHAMBER,1,0.866783795032,0.457293046111,MINIMAX,F,4,CHAMBER,0,0.0891232035133,0.0505060960828,178.0,0.0,84.2090919018,0.0
MINIMAX,T,2,CHAMBER,0,4.07011934029e-05,0.000239762016539,NAIVE,N/A,N/A,N/A,1,0.0849210540141,0.0427499059142,257.0,0.0,10.7903969288,0.0
MINIMAX,T,3,RATIO,0,0.00282658775933,0.0014511928376,MINIMAX,T,1,RATIO,1,0.0141759497532,0.00676767606576,555.0,0.0,4.69877696037,0.0
MINIMAX,T,3,RATIO,1,0.0187445635571,0.00608076382832,MINIMAX,T,1,VORONOI,0,0.0107457811634,0.00671001549651,384.0,0.0,5.64368200302,0.0
MINIMAX,T,3,RATIO,1,0.0318087617794,0.00989532098261,MINIMAX,T,1,CHAMBER,0,0.0105197983129,0.00787737749857,336.0,0.0,7.07965898514,0.0
MINIMAX,T,3,RATIO,0,0.00536615745996,0.00273604030734,MINIMAX,T,2,RATIO,1,0.0107765314372,0.00560126882219,371.0,0.0,2.98127603531,0.0
MINIMAX,T,3,RATIO,0,0.0551825476729,0.0251158131919,MINIMAX,T,2,VORONOI,1,0.0090107865386,0.00648091319181,367.0,0.0,11.79383111,0.0
MINIMAX,T,3,RATIO,0,0.0960366880452,0.05554218114,MINIMAX,T,2,CHAMBER,1,0.00605742661458,0.00355642945026,215.0,0.0,11.0142128468,0.0
MINIMAX,T,3,RATIO,0,0.0118757577046,0.00642677347133,MINIMAX,T,3,RATIO,1,0.0106714453016,0.00500482476011,367.0,0.0,4.12762904167,0.0
MINIMAX,T,3,RATIO,0,0.117353133967,0.0818529107684,MINIMAX,T,3,VORONOI,1,0.0108687142235,0.00620617618163,405.0,0.0,26.0075981617,0.0
MINIMAX,T,3,RATIO,1,0.234288915992,0.139466213404,MINIMAX,T,3,CHAMBER,0,0.00880424894136,0.00543970342322,290.0,0.0,35.0144531727,0.0
MINIMAX,T,3,RATIO,1,0.0270192157263,0.0173541805297,MINIMAX,T,4,RATIO,0,0.0156470564486,0.00890261814963,524.0,0.0,11.1519761086,0.0
MINIMAX,T,3,RATIO,1,0.421787641816,0.235071966048,MINIMAX,T,4,VORONOI,0,0.0047275185585,0.00178570112138,120.0,0.0,25.1692209244,0.0
MINIMAX,T,3,RATIO,1,0.488415828118,0.369289478241,MINIMAX,T,4,CHAMBER,0,0.00851555635001,0.00581212738833,262.0,0.0,64.6098058224,0.0
MINIMAX,T,3,RATIO,0,0.00241993802839,0.00124701578951,MINIMAX,F,1,RATIO,1,0.0123988400613,0.00584621108282,451.0,0.0,3.32461309433,0.0
MINIMAX,T,3,RATIO,1,0.0193210465567,0.00694580203519,MINIMAX,F,1,VORONOI,0,0.0063348221329,0.00499781783829,212.0,0.0,2.70034098625,0.0
MINIMAX,T,3,RATIO,1,0.0340286646134,0.011652151098,MINIMAX,F,1,CHAMBER,0,0.00544943386995,0.00359525961197,158.0,0.0,3.08485102654,0.0
MINIMAX,T,3,RATIO,0,0.0104225043897,0.00544825651539,MINIMAX,F,2,RATIO,1,0.0139140371066,0.00672438655336,539.0,0.0,6.54346489906,0.0
MINIMAX,T,3,RATIO,0,0.0658870640621,0.0278264752223,MINIMAX,F,2,VORONOI,1,0.00575309795338,0.0042626218955,185.0,0.0,6.65116596222,0.0
MINIMAX,T,3,RATIO,0,0.104252064228,0.0519471983232,MINIMAX,F,2,CHAMBER,1,0.00768213126124,0.00540551906887,199.0,0.0,11.1782047749,0.0
MINIMAX,T,3,RATIO,0,0.0212022611518,0.0109288188589,MINIMAX,F,3,RATIO,1,0.0193782558567,0.0103190145461,611.0,0.0,12.379347086,0.0
MINIMAX,T,3,RATIO,1,0.17025196786,0.118051533002,MINIMAX,F,3,VORONOI,0,0.00746854532112,0.00425075657378,206.0,0.0,18.1351099014,0.0
MINIMAX,T,3,RATIO,1,0.252609361746,0.151617747649,MINIMAX,F,3,CHAMBER,0,0.0111188487131,0.00727799812001,392.0,0.0,51.4384520054,0.0
MINIMAX,T,3,RATIO,0,0.0487315351037,0.0256966627051,MINIMAX,F,4,RATIO,1,0.0193991225499,0.00957040347852,627.0,0.0,21.3547649384,0.0
MINIMAX,T,3,RATIO,1,0.427398658317,0.40329144051,MINIMAX,F,4,VORONOI,0,0.00541665477137,0.00236392501989,186.0,0.0,39.82457304,0.0
MINIMAX,T,3,RATIO,0,0.694377900826,0.546114392842,MINIMAX,F,4,CHAMBER,1,0.00887869613271,0.00583165027489,287.0,0.0,101.251427889,0.0
MINIMAX,T,3,RATIO,0,4.22415526017e-05,0.000124516632308,NAIVE,N/A,N/A,N/A,1,0.00177758080619,0.00126199787199,45.0,0.0,0.0383269786835,0.0
MINIMAX,T,3,VORONOI,0,0.00192354234417,0.000951164174025,MINIMAX,T,1,RATIO,1,0.170321735469,0.0637942811477,355.0,0.0,30.319286108,0.0
MINIMAX,T,3,VORONOI,1,0.0202846679932,0.0046232820059,MINIMAX,T,1,VORONOI,0,0.141897965081,0.103005316083,158.0,0.0,12.7922539711,0.0
MINIMAX,T,3,VORONOI,0,0.0329226185294,0.00848003178043,MINIMAX,T,1,CHAMBER,1,0.144671194553,0.0817690726456,203.0,0.0,17.8253719807,0.0
MINIMAX,T,3,VORONOI,0,0.00216311613719,0.00130783021187,MINIMAX,T,2,RATIO,1,0.190568019604,0.0704894522524,119.0,0.0,11.1828229427,0.0
MINIMAX,T,3,VORONOI,1,0.0641224429292,0.0274698297106,MINIMAX,T,2,VORONOI,0,0.155654796848,0.102338450406,108.0,0.0,11.8039441109,0.0
MINIMAX,T,3,VORONOI,0,0.103137820108,0.0572404829866,MINIMAX,T,2,CHAMBER,1,0.165919231646,0.107986836368,69.0,0.0,9.08522200584,0.0
MINIMAX,T,3,VORONOI,1,0.00628034591675,0.00281885037378,MINIMAX,T,3,RATIO,0,0.139196074835,0.0829116370002,202.0,0.0,14.6869790554,0.0
MINIMAX,T,3,VORONOI,1,0.1490432024,0.0862047654129,MINIMAX,T,3,VORONOI,0,0.152305303476,0.0730096609559,234.0,0.0,35.1089110374,0.0
MINIMAX,T,3,VORONOI,0,0.326419050043,0.177221940327,MINIMAX,T,3,CHAMBER,1,0.222576391697,0.0695347949041,43.0,0.0,11.6327857971,0.0
MINIMAX,T,3,VORONOI,0,0.0101088407712,0.00517992361715,MINIMAX,T,4,RATIO,1,0.166619671019,0.0783169856497,155.0,0.0,13.4516990185,0.0
MINIMAX,T,3,VORONOI,1,0.306222607818,0.257468134227,MINIMAX,T,4,VORONOI,0,0.147500830889,0.0823273909603,160.0,0.0,35.991795063,0.0
MINIMAX,T,3,VORONOI,1,0.629330247056,0.402325261117,MINIMAX,T,4,CHAMBER,0,0.158714688741,0.0917474483881,104.0,0.0,40.349104166,0.0
MINIMAX,T,3,VORONOI,1,0.00278295630174,0.00140308625263,MINIMAX,F,1,RATIO,0,0.132406156977,0.0773392768961,558.0,0.0,37.7153811455,0.0
MINIMAX,T,3,VORONOI,0,0.0215404575521,0.00544555680038,MINIMAX,F,1,VORONOI,1,0.164115394865,0.0967532296412,87.0,0.0,7.84068703651,0.0
MINIMAX,T,3,VORONOI,1,0.0376202193173,0.00762875275173,MINIMAX,F,1,CHAMBER,0,0.189995848614,0.0892229669821,46.0,0.0,5.19758296013,0.0
MINIMAX,T,3,VORONOI,1,0.00395255410269,0.00176967027301,MINIMAX,F,2,RATIO,0,0.166344441308,0.0709806146823,180.0,0.0,15.322934866,0.0
MINIMAX,T,3,VORONOI,0,0.0708384783763,0.0309776671019,MINIMAX,F,2,VORONOI,1,0.175998991611,0.0804899641026,105.0,0.0,12.7304749489,0.0
MINIMAX,T,3,VORONOI,1,0.116415143013,0.0463961751727,MINIMAX,F,2,CHAMBER,0,0.154453665346,0.0768553048168,182.0,0.0,24.5327830315,0.0
MINIMAX,T,3,VORONOI,0,0.0101227597294,0.00592486582437,MINIMAX,F,3,RATIO,1,0.131182307782,0.075887051093,233.0,0.0,16.2705020905,0.0
MINIMAX,T,3,VORONOI,0,0.197677180801,0.104502242551,MINIMAX,F,3,VORONOI,1,0.168799860137,0.0819305278953,283.0,0.0,51.7023658752,0.0
MINIMAX,T,3,VORONOI,1,0.38021879418,0.150957958825,MINIMAX,F,3,CHAMBER,0,0.176962511106,0.0880663039474,88.0,0.0,24.1358439922,0.0
MINIMAX,T,3,VORONOI,1,0.0214453493611,0.012882815797,MINIMAX,F,4,RATIO,0,0.149646578895,0.0812722808897,180.0,0.0,15.3769738674,0.0
MINIMAX,T,3,VORONOI,1,0.549393571656,0.292811143398,MINIMAX,F,4,VORONOI,0,0.136723255569,0.0880230616566,176.0,0.0,59.8290388584,0.0
MINIMAX,T,3,VORONOI,1,0.837734347582,0.620729750404,MINIMAX,F,4,CHAMBER,0,0.186167937953,0.094944288467,82.0,0.0,41.1423280239,0.0
MINIMAX,T,3,VORONOI,1,1.7938790498e-05,2.9347391976e-06,NAIVE,N/A,N/A,N/A,0,0.159546795758,0.0939220911917,110.0,0.0,8.7761118412,0.0
MINIMAX,T,3,CHAMBER,0,0.00146546959877,0.000667473465646,MINIMAX,T,1,RATIO,1,0.249345607228,0.113124819302,255.0,0.0,31.6053249836,0.0
MINIMAX,T,3,CHAMBER,0,0.0209639730125,0.0056254181953,MINIMAX,T,1,VORONOI,1,0.268471806138,0.214970734043,57.0,0.0,7.85673809052,0.0
MINIMAX,T,3,CHAMBER,0,0.0381635181488,0.00708742043875,MINIMAX,T,1,CHAMBER,1,0.287442086173,0.161272021811,125.0,0.0,19.9383709431,0.0
MINIMAX,T,3,CHAMBER,1,0.00263763335814,0.00137597878629,MINIMAX,T,2,RATIO,0,0.328170901253,0.106633533283,168.0,0.0,27.7854349613,0.0
MINIMAX,T,3,CHAMBER,1,0.0667498695607,0.0300150081164,MINIMAX,T,2,VORONOI,0,0.276055531502,0.173142091432,100.0,0.0,17.073595047,0.0
MINIMAX,T,3,CHAMBER,1,0.0875483932874,0.045562222274,MINIMAX,T,2,CHAMBER,0,0.224979521413,0.126993817897,304.0,0.0,47.4169299603,0.0
MINIMAX,T,3,CHAMBER,0,0.00729957152539,0.00479920716926,MINIMAX,T,3,RATIO,1,0.237738210678,0.12917225614,253.0,0.0,30.6445310116,0.0
MINIMAX,T,3,CHAMBER,0,0.156435851128,0.0977527161629,MINIMAX,T,3,VORONOI,1,0.286994644006,0.160028931138,123.0,0.0,26.9187991619,0.0
MINIMAX,T,3,CHAMBER,1,0.307579955188,0.167447721497,MINIMAX,T,3,CHAMBER,0,0.296511122159,0.167158371661,112.0,0.0,33.5216228962,0.0
MINIMAX,T,3,CHAMBER,0,0.00918095990231,0.00558490614764,MINIMAX,T,4,RATIO,1,0.279912007822,0.12024946361,151.0,0.0,21.4113559723,0.0
MINIMAX,T,3,CHAMBER,0,0.398649020195,0.270765831464,MINIMAX,T,4,VORONOI,1,0.316134432952,0.138444173247,99.0,0.0,35.1069939137,0.0
MINIMAX,T,3,CHAMBER,1,0.553279763774,0.478068704485,MINIMAX,T,4,CHAMBER,0,0.278956492742,0.145223175157,78.0,0.0,31.904006958,0.0
MINIMAX,T,3,CHAMBER,1,0.0016053220351,0.000765471020336,MINIMAX,F,1,RATIO,0,0.254418323721,0.121638931091,280.0,0.0,35.8419158459,0.0
MINIMAX,T,3,CHAMBER,0,0.0218592531541,0.0048686213942,MINIMAX,F,1,VORONOI,1,0.279468193199,0.149523767967,135.0,0.0,19.9314348698,0.0
MINIMAX,T,3,CHAMBER,0,0.0341611153939,0.00960676871746,MINIMAX,F,1,CHAMBER,1,0.246070688421,0.145185929981,135.0,0.0,18.5637359619,0.0
MINIMAX,T,3,CHAMBER,1,0.00337339870965,0.0013410198238,MINIMAX,F,2,RATIO,0,0.325488823302,0.116125819782,136.0,0.0,22.3593659401,0.0
MINIMAX,T,3,CHAMBER,1,0.0657945871353,0.0307732715657,MINIMAX,F,2,VORONOI,0,0.251195690605,0.144524987303,178.0,0.0,28.1465001106,0.0
MINIMAX,T,3,CHAMBER,1,0.100195997291,0.0519602056688,MINIMAX,F,2,CHAMBER,0,0.2119304509,0.143222373627,290.0,0.0,45.1583709717,0.0
MINIMAX,T,3,CHAMBER,0,0.00630371296992,0.00327974658788,MINIMAX,F,3,RATIO,1,0.260286371587,0.138145838235,121.0,0.0,15.7415289879,0.0
MINIMAX,T,3,CHAMBER,1,0.161964729854,0.104806214577,MINIMAX,F,3,VORONOI,0,0.239514179949,0.131761221491,212.0,0.0,42.3949899673,0.0
MINIMAX,T,3,CHAMBER,1,0.338020247382,0.207084700613,MINIMAX,F,3,CHAMBER,0,0.304646956293,0.156268937528,76.0,0.0,24.0834050179,0.0
MINIMAX,T,3,CHAMBER,1,0.0160870428743,0.00906332318861,MINIMAX,F,4,RATIO,0,0.261776754412,0.149469113714,118.0,0.0,16.3779909611,0.0
MINIMAX,T,3,CHAMBER,1,0.504315040549,0.354017999222,MINIMAX,F,4,VORONOI,0,0.292097792625,0.132847151743,100.0,0.0,39.3164269924,0.0
MINIMAX,T,3,CHAMBER,0,0.766647554793,0.591205584351,MINIMAX,F,4,CHAMBER,1,0.313692976447,0.109803397704,105.0,0.0,56.6307799816,0.0
MINIMAX,T,3,CHAMBER,1,1.99809003232e-05,3.16089740139e-06,NAIVE,N/A,N/A,N/A,0,0.19172449995,0.136313116614,270.0,0.0,25.885666132,0.0
MINIMAX,T,4,RATIO,0,0.00194271802902,0.000942430877402,MINIMAX,T,1,RATIO,1,0.0198900418335,0.0112966536647,359.0,0.0,3.89037013054,0.0
MINIMAX,T,4,RATIO,1,0.0212604966882,0.00538759309099,MINIMAX,T,1,VORONOI,0,0.00965693190291,0.00541650787194,148.0,0.0,2.26673388481,0.0
MINIMAX,T,4,RATIO,0,0.0365764633302,0.0101874300812,MINIMAX,T,1,CHAMBER,1,0.00682806571325,0.00469271874758,123.0,0.0,2.67750811577,0.0
MINIMAX,T,4,RATIO,1,0.00738186124832,0.00402680434408,MINIMAX,T,2,RATIO,0,0.0248699666985,0.0158252907481,498.0,0.0,8.02372479439,0.0
MINIMAX,T,4,RATIO,1,0.0766513884068,0.0256261433234,MINIMAX,T,2,VORONOI,0,0.00686077373784,0.00367588651051,82.0,0.0,3.34742093086,0.0
MINIMAX,T,4,RATIO,1,0.123964506388,0.0425409543335,MINIMAX,T,2,CHAMBER,0,0.00689045394339,0.00347569532593,82.0,0.0,5.24115490913,0.0
MINIMAX,T,4,RATIO,0,0.014830767639,0.00871032176104,MINIMAX,T,3,RATIO,1,0.0230970969276,0.0139244988373,507.0,0.0,9.58787894249,0.0
MINIMAX,T,4,RATIO,1,0.203757658872,0.0835102632765,MINIMAX,T,3,VORONOI,0,0.00838070682117,0.00394459163589,112.0,0.0,11.6760859489,0.0
MINIMAX,T,4,RATIO,1,0.319085052458,0.153942907219,MINIMAX,T,3,CHAMBER,0,0.00924650828044,0.00371430273013,120.0,0.0,19.3809080124,0.0
MINIMAX,T,4,RATIO,1,0.0199625174987,0.013534144879,MINIMAX,T,4,RATIO,0,0.0201163069875,0.0130896888056,408.0,0.0,8.15641999245,0.0
MINIMAX,T,4,RATIO,0,0.304981417343,0.24477834888,MINIMAX,T,4,VORONOI,1,0.0125338554382,0.00629546332457,243.0,0.0,38.7119960785,0.0
MINIMAX,T,4,RATIO,1,0.525113091177,0.380213390451,MINIMAX,T,4,CHAMBER,0,0.0108965647341,0.00821839654752,198.0,0.0,52.5400090218,0.0
MINIMAX,T,4,RATIO,0,0.00250354734789,0.00131141576072,MINIMAX,F,1,RATIO,1,0.0225890056562,0.0120007635653,475.0,0.0,5.92719388008,0.0
MINIMAX,T,4,RATIO,1,0.0201899201037,0.00577492127749,MINIMAX,F,1,VORONOI,0,0.00910689149584,0.00557738049532,168.0,0.0,2.44085717201,0.0
MINIMAX,T,4,RATIO,1,0.0338366396287,0.0109725605723,MINIMAX,F,1,CHAMBER,0,0.0092477216277,0.00705338275834,172.0,0.0,3.67156410217,0.0
MINIMAX,T,4,RATIO,1,0.00952472686768,0.00484778914725,MINIMAX,F,2,RATIO,0,0.0277886596837,0.0179273307823,532.0,0.0,9.91624903679,0.0
MINIMAX,T,4,RATIO,1,0.0841775178909,0.027971767882,MINIMAX,F,2,VORONOI,0,0.00696219467535,0.00376336317787,82.0,0.0,3.65261697769,0.0
MINIMAX,T,4,RATIO,0,0.140292749405,0.0405654507672,MINIMAX,F,2,CHAMBER,1,0.00732631484667,0.0043529298817,99.0,0.0,7.36638689041,0.0
MINIMAX,T,4,RATIO,0,0.00820372979852,0.00402984234304,MINIMAX,F,3,RATIO,1,0.0101357744886,0.00558299125039,157.0,0.0,1.42868614197,0.0
MINIMAX,T,4,RATIO,1,0.184806284839,0.105383461425,MINIMAX,F,3,VORONOI,0,0.0152218179638,0.008645057517,294.0,0.0,29.2195599079,0.0
MINIMAX,T,4,RATIO,1,0.351883514428,0.169969309625,MINIMAX,F,3,CHAMBER,0,0.0107787149708,0.00537712322849,164.0,0.0,29.3865737915,0.0
MINIMAX,T,4,RATIO,0,0.0370740423758,0.02005667381,MINIMAX,F,4,RATIO,1,0.0189110123537,0.0109403048618,377.0,0.0,10.5436530113,0.0
MINIMAX,T,4,RATIO,1,0.422612498636,0.40074823983,MINIMAX,F,4,VORONOI,0,0.00916442819821,0.00413088098,186.0,0.0,39.7327959538,0.0
MINIMAX,T,4,RATIO,1,0.695688435631,0.553456076284,MINIMAX,F,4,CHAMBER,0,0.0132011382476,0.0102188956445,276.0,0.0,97.1313078403,0.0
MINIMAX,T,4,RATIO,0,3.73580239036e-05,0.000208516438236,NAIVE,N/A,N/A,N/A,1,0.0120459132724,0.00777339488738,219.0,0.0,1.3052110672,0.0
MINIMAX,T,4,VORONOI,1,0.00107925159987,0.0004786313132,MINIMAX,T,1,RATIO,0,0.373651666203,0.202368827336,174.0,0.0,32.6006450653,0.0
MINIMAX,T,4,VORONOI,0,0.0237975016884,0.00488461531422,MINIMAX,T,1,VORONOI,1,0.523135639372,0.31070170877,45.0,0.0,11.5332250595,0.0
MINIMAX,T,4,VORONOI,1,0.0346446109541,0.00729011849424,MINIMAX,T,1,CHAMBER,0,0.356817969702,0.207087262745,266.0,0.0,52.0301060677,0.0
MINIMAX,T,4,VORONOI,1,0.00336768867773,0.00185143374784,MINIMAX,T,2,RATIO,0,0.345001691038,0.227886155183,220.0,0.0,38.3174259663,0.0
MINIMAX,T,4,VORONOI,1,0.0579584762454,0.0284520204359,MINIMAX,T,2,VORONOI,0,0.241265235488,0.261075024766,194.0,0.0,28.966894865,0.0
MINIMAX,T,4,VORONOI,1,0.104055799464,0.0468227808064,MINIMAX,T,2,CHAMBER,0,0.349570510235,0.2591626047,188.0,0.0,42.5369639397,0.0
MINIMAX,T,4,VORONOI,0,0.00612183314998,0.00341090013555,MINIMAX,T,3,RATIO,1,0.394572883844,0.224925295978,163.0,0.0,32.0679419041,0.0
MINIMAX,T,4,VORONOI,0,0.157952667719,0.0850115871135,MINIMAX,T,3,VORONOI,1,0.343890287258,0.230640072943,165.0,0.0,40.9653198719,0.0
MINIMAX,T,4,VORONOI,0,0.294534435639,0.180090338637,MINIMAX,T,3,CHAMBER,1,0.47805522879,0.299527306892,51.0,0.0,19.1312699318,0.0
MINIMAX,T,4,VORONOI,0,0.00935743166053,0.00439168744234,MINIMAX,T,4,RATIO,1,0.359823191344,0.231726196019,137.0,0.0,24.7539470196,0.0
MINIMAX,T,4,VORONOI,0,0.361938872288,0.268192289151,MINIMAX,T,4,VORONOI,1,0.347325764204,0.256344155345,193.0,0.0,68.1041760445,0.0
MINIMAX,T,4,VORONOI,0,0.657673390185,0.395505139421,MINIMAX,T,4,CHAMBER,1,0.365160970365,0.231716731525,121.0,0.0,61.6626851559,0.0
MINIMAX,T,4,VORONOI,1,0.000887462587068,0.000359168356306,MINIMAX,F,1,RATIO,0,0.403022438733,0.203043120681,134.0,0.0,27.0611860752,0.0
MINIMAX,T,4,VORONOI,0,0.0212719363551,0.00521030237888,MINIMAX,F,1,VORONOI,1,0.328296713034,0.294337206853,123.0,0.0,21.0167570114,0.0
MINIMAX,T,4,VORONOI,0,0.0356635635549,0.00716718775138,MINIMAX,F,1,CHAMBER,1,0.362064463121,0.216472459607,219.0,0.0,43.0261340141,0.0
MINIMAX,T,4,VORONOI,0,0.00411144362556,0.00205401925623,MINIMAX,F,2,RATIO,1,0.37244342403,0.208350051545,179.0,0.0,33.1451859474,0.0
MINIMAX,T,4,VORONOI,0,0.0689058794695,0.0305428729838,MINIMAX,F,2,VORONOI,1,0.353777632569,0.236331954112,135.0,0.0,28.0350449085,0.0
MINIMAX,T,4,VORONOI,1,0.111868645283,0.0521453890457,MINIMAX,F,2,CHAMBER,0,0.306369011601,0.289678820217,96.0,0.0,19.9636309147,0.0
MINIMAX,T,4,VORONOI,1,0.00953548467612,0.00434721833373,MINIMAX,F,3,RATIO,0,0.352422705293,0.201109967099,160.0,0.0,28.9472489357,0.0
MINIMAX,T,4,VORONOI,0,0.203343081748,0.1071588844,MINIMAX,F,3,VORONOI,1,0.312379615447,0.245254913928,173.0,0.0,44.2432549,0.0
MINIMAX,T,4,VORONOI,0,0.336966839102,0.169327445008,MINIMAX,F,3,CHAMBER,1,0.317124898093,0.279310167954,143.0,0.0,46.4604871273,0.0
MINIMAX,T,4,VORONOI,0,0.0251110846346,0.0134875315314,MINIMAX,F,4,RATIO,1,0.363717738972,0.210805181303,175.0,0.0,33.4896309376,0.0
MINIMAX,T,4,VORONOI,0,0.486605741761,0.32586030084,MINIMAX,F,4,VORONOI,1,0.340686096085,0.228906493852,219.0,0.0,90.3209271431,0.0
MINIMAX,T,4,VORONOI,0,0.756409775826,0.630842504247,MINIMAX,F,4,CHAMBER,1,0.347225141525,0.25468247198,123.0,0.0,67.7310330868,0.0
MINIMAX,T,4,VORONOI,0,4.19168715264e-05,0.000325739947309,NAIVE,N/A,N/A,N/A,1,0.183179662778,0.17438521018,627.0,0.0,57.1655910015,0.0
MINIMAX,T,4,CHAMBER,1,0.00115397961243,0.000529863279337,MINIMAX,T,1,RATIO,0,0.572130680084,0.355609428401,186.0,0.0,53.3144738674,0.0
MINIMAX,T,4,CHAMBER,1,0.0228225914937,0.0043717768526,MINIMAX,T,1,VORONOI,0,0.589702124949,0.454616280885,108.0,0.0,33.0536160469,0.0
MINIMAX,T,4,CHAMBER,1,0.0292211867342,0.00969039204474,MINIMAX,T,1,CHAMBER,0,0.437372745581,0.343131788973,398.0,0.0,92.8232898712,0.0
MINIMAX,T,4,CHAMBER,0,0.00178068997909,0.000695905280951,MINIMAX,T,2,RATIO,1,0.664279831217,0.407162895638,97.0,0.0,31.3084909916,0.0
MINIMAX,T,4,CHAMBER,1,0.0563318392651,0.0254869375592,MINIMAX,T,2,VORONOI,0,0.525693125939,0.338876403353,356.0,0.0,103.544411182,0.0
MINIMAX,T,4,CHAMBER,1,0.118164029988,0.0438028192899,MINIMAX,T,2,CHAMBER,0,0.71673858684,0.577114404712,46.0,0.0,19.0846378803,0.0
MINIMAX,T,4,CHAMBER,0,0.00686478358443,0.00356673211557,MINIMAX,T,3,RATIO,1,0.571736440554,0.364691615895,185.0,0.0,52.6665928364,0.0
MINIMAX,T,4,CHAMBER,0,0.128361015157,0.0769257429193,MINIMAX,T,3,VORONOI,1,0.441035610506,0.372962728806,351.0,0.0,99.332036972,0.0
MINIMAX,T,4,CHAMBER,1,0.230077211171,0.131280766556,MINIMAX,T,3,CHAMBER,0,0.429719540538,0.382654571704,294.0,0.0,96.7603039742,0.0
MINIMAX,T,4,CHAMBER,1,0.0104986558089,0.00691328014612,MINIMAX,T,4,RATIO,0,0.575747823715,0.354777584954,150.0,0.0,43.9581110477,0.0
MINIMAX,T,4,CHAMBER,1,0.431074810028,0.249754701235,MINIMAX,T,4,VORONOI,0,0.550546485445,0.454809660164,92.0,0.0,44.7235910892,0.0
MINIMAX,T,4,CHAMBER,0,0.836402402205,0.445669193659,MINIMAX,T,4,CHAMBER,1,0.753702545166,0.572503328253,33.0,0.0,25.5244121552,0.0
MINIMAX,T,4,CHAMBER,1,0.000754286261166,0.000286540977177,MINIMAX,F,1,RATIO,0,0.664795641716,0.371097782675,104.0,0.0,34.6079251766,0.0
MINIMAX,T,4,CHAMBER,1,0.0197361177868,0.00605341543403,MINIMAX,F,1,VORONOI,0,0.496536195825,0.381635897957,218.0,0.0,56.254117012,0.0
MINIMAX,T,4,CHAMBER,0,0.0355120123478,0.00813613905588,MINIMAX,F,1,CHAMBER,1,0.51884543679,0.439209727525,113.0,0.0,30.5607719421,0.0
MINIMAX,T,4,CHAMBER,0,0.00337679849731,0.00145468469704,MINIMAX,F,2,RATIO,1,0.668071641241,0.350279902889,143.0,0.0,47.0082631111,0.0
MINIMAX,T,4,CHAMBER,1,0.0736915580928,0.0273437752543,MINIMAX,F,2,VORONOI,0,0.514571593358,0.43602619597,130.0,0.0,38.1635379791,0.0
MINIMAX,T,4,CHAMBER,1,0.137936414816,0.0407067890719,MINIMAX,F,2,CHAMBER,0,0.626754522324,0.549900099725,80.0,0.0,30.4497718811,0.0
MINIMAX,T,4,CHAMBER,1,0.0105800628662,0.00495112837798,MINIMAX,F,3,RATIO,0,0.541548089981,0.365899586834,200.0,0.0,55.2024190426,0.0
MINIMAX,T,4,CHAMBER,1,0.234651654107,0.081772876135,MINIMAX,F,3,VORONOI,0,0.533766614066,0.494754582961,72.0,0.0,27.4284641743,0.0
MINIMAX,T,4,CHAMBER,0,0.335058247689,0.162100412502,MINIMAX,F,3,CHAMBER,1,0.551960157626,0.385160683579,201.0,0.0,88.4851300716,0.0
MINIMAX,T,4,CHAMBER,0,0.0258557942077,0.0143025966241,MINIMAX,F,4,RATIO,1,0.499792147052,0.343816550754,261.0,0.0,67.8605139256,0.0
MINIMAX,T,4,CHAMBER,1,0.503627060354,0.298378651169,MINIMAX,F,4,VORONOI,0,0.446356179551,0.402198888514,322.0,0.0,152.443979979,0.0
MINIMAX,T,4,CHAMBER,0,0.77382107342,0.562300710043,MINIMAX,F,4,CHAMBER,1,0.52590123415,0.386139316728,203.0,0.0,131.520062923,0.0
MINIMAX,T,4,CHAMBER,0,3.89324991327e-05,0.000185606226801,NAIVE,N/A,N/A,N/A,1,0.388956577547,0.374478884966,189.0,0.0,36.1767981052,0.0
MINIMAX,F,1,RATIO,0,0.0024213409011,0.00120925203477,MINIMAX,T,1,RATIO,1,0.00229793136297,0.00113136082214,461.0,0.0,1.08588600159,0.0
MINIMAX,F,1,RATIO,1,0.0199702348768,0.00452117917229,MINIMAX,T,1,VORONOI,0,0.00174018483103,0.00104979895999,324.0,0.0,3.49734902382,0.0
MINIMAX,F,1,RATIO,1,0.0359729672526,0.00716215298496,MINIMAX,T,1,CHAMBER,0,0.00116248234459,0.000597341985283,184.0,0.0,3.38062596321,0.0
MINIMAX,F,1,RATIO,1,0.0047641554098,0.00234370980346,MINIMAX,T,2,RATIO,0,0.00181647164481,0.000878023186098,350.0,0.0,1.14707994461,0.0
MINIMAX,F,1,RATIO,1,0.0687993939515,0.0236849117937,MINIMAX,T,2,VORONOI,0,0.00166867956331,0.000772110666826,316.0,0.0,11.0653820038,0.0
MINIMAX,F,1,RATIO,1,0.0988136589527,0.0457960530042,MINIMAX,T,2,CHAMBER,0,0.00205262502035,0.00101399269352,402.0,0.0,20.175632,0.0
MINIMAX,F,1,RATIO,0,0.0136472384135,0.00782996391956,MINIMAX,T,3,RATIO,1,0.0022866455228,0.00114708406223,461.0,0.0,3.6764819622,0.0
MINIMAX,F,1,RATIO,1,0.16789633967,0.0884796038138,MINIMAX,T,3,VORONOI,0,0.0015154273011,0.00121011354363,258.0,0.0,21.6864070892,0.0
MINIMAX,F,1,RATIO,1,0.2879123627,0.134969596514,MINIMAX,T,3,CHAMBER,0,0.00184514100039,0.0021925180569,316.0,0.0,45.4940321445,0.0
MINIMAX,F,1,RATIO,0,0.0234525399807,0.0165457023861,MINIMAX,T,4,RATIO,1,0.00227526389876,0.00117871795583,461.0,0.0,5.93888497353,0.0
MINIMAX,F,1,RATIO,0,0.357266340824,0.198720827083,MINIMAX,T,4,VORONOI,1,0.00158020313954,0.000752789308865,301.0,0.0,54.1828999519,0.0
MINIMAX,F,1,RATIO,1,0.630867313061,0.341466506317,MINIMAX,T,4,CHAMBER,0,0.00131629420593,0.000616310738822,226.0,0.0,70.8060650826,0.0
MINIMAX,F,1,RATIO,0,0.00244506716212,0.0012516784978,MINIMAX,F,1,RATIO,1,0.00229805213395,0.00116560700526,461.0,0.0,1.09138011932,0.0
MINIMAX,F,1,RATIO,1,0.0201388797405,0.00467795636281,MINIMAX,F,1,VORONOI,0,0.00174341084045,0.000981742104363,324.0,0.0,3.52502799034,0.0
MINIMAX,F,1,RATIO,1,0.036288193294,0.00728722408501,MINIMAX,F,1,CHAMBER,0,0.00112503507863,0.000469439984271,184.0,0.0,3.40585803986,0.0
MINIMAX,F,1,RATIO,0,0.00897156108509,0.00465496185937,MINIMAX,F,2,RATIO,1,0.00229570126429,0.00114758373462,461.0,0.0,2.59847593307,0.0
MINIMAX,F,1,RATIO,1,0.0697784570547,0.0283639324298,MINIMAX,F,2,VORONOI,0,0.00201221874782,0.00100919208441,392.0,0.0,14.0014779568,0.0
MINIMAX,F,1,RATIO,1,0.117676421368,0.0427789419027,MINIMAX,F,2,CHAMBER,0,0.00211667009147,0.00471251693433,332.0,0.0,19.768239975,0.0
MINIMAX,F,1,RATIO,0,0.0200152582936,0.0103679886819,MINIMAX,F,3,RATIO,1,0.00226449133527,0.00114840146845,461.0,0.0,5.14243483543,0.0
MINIMAX,F,1,RATIO,0,0.191610046699,0.0992639079094,MINIMAX,F,3,VORONOI,1,0.0018297958374,0.000892295359144,353.0,0.0,34.2354547977,0.0
MINIMAX,F,1,RATIO,1,0.338659792007,0.155871703673,MINIMAX,F,3,CHAMBER,0,0.00197243990388,0.00355946186757,318.0,0.0,53.8221151829,0.0
MINIMAX,F,1,RATIO,0,0.0461439611592,0.0272489674369,MINIMAX,F,4,RATIO,1,0.00228892143116,0.00115844246916,461.0,0.0,11.1837821007,0.0
MINIMAX,F,1,RATIO,0,0.394084777233,0.335719850016,MINIMAX,F,4,VORONOI,1,0.00206266031033,0.00101616433681,413.0,0.0,81.9987318516,0.0
MINIMAX,F,1,RATIO,1,0.959842896929,0.556218615118,MINIMAX,F,4,CHAMBER,0,0.00121195107988,0.000526515700354,206.0,0.0,98.0289928913,0.0
MINIMAX,F,1,RATIO,0,3.72426850455e-05,0.000216324435373,NAIVE,N/A,N/A,N/A,1,0.00159574073294,0.000675601793296,279.0,0.0,0.225607872009,0.0
MINIMAX,F,1,VORONOI,1,0.000484171367827,0.000175990242504,MINIMAX,T,1,RATIO,0,0.0242912335829,0.00537952651491,44.0,0.0,0.544620037079,0.0
MINIMAX,F,1,VORONOI,1,0.0252684222327,0.00108914208602,MINIMAX,T,1,VORONOI,0,0.0234924554825,0.00521772583994,20.0,0.0,0.462355136871,0.0
MINIMAX,F,1,VORONOI,1,0.0429508156247,0.00282422712985,MINIMAX,T,1,CHAMBER,0,0.025147485733,0.000773949614573,20.0,0.0,0.63805103302,0.0
MINIMAX,F,1,VORONOI,1,0.00130210603986,0.000400696584875,MINIMAX,T,2,RATIO,0,0.0242897380482,0.00509175378886,44.0,0.0,0.561747074127,0.0
MINIMAX,F,1,VORONOI,1,0.0896854400635,0.0125359875373,MINIMAX,T,2,VORONOI,0,0.0231878974221,0.00734099327538,22.0,0.0,1.15194511414,0.0
MINIMAX,F,1,VORONOI,1,0.162166857719,0.0116403615298,MINIMAX,T,2,CHAMBER,0,0.0315839377317,0.0186758460017,22.0,0.0,1.96911001205,0.0
MINIMAX,F,1,VORONOI,1,0.00237348585418,0.000917055405117,MINIMAX,T,3,RATIO,0,0.0221441072576,0.00582274123617,68.0,0.0,0.831275224686,0.0
MINIMAX,F,1,VORONOI,0,0.160981903905,0.126187141951,MINIMAX,T,3,VORONOI,1,0.0220930235726,0.00493775481643,45.0,0.0,4.16657209396,0.0
MINIMAX,F,1,VORONOI,0,0.237871514426,0.190592635266,MINIMAX,T,3,CHAMBER,1,0.0207311405855,0.0070925764055,71.0,0.0,9.26829195023,0.0
MINIMAX,F,1,VORONOI,1,0.00948280925992,0.00637720305098,MINIMAX,T,4,RATIO,0,0.020799779892,0.00520752307776,160.0,0.0,2.41323590279,0.0
MINIMAX,F,1,VORONOI,1,0.636875271797,0.211875039023,MINIMAX,T,4,VORONOI,0,0.0231976509094,0.00741026043605,22.0,0.0,6.62394499779,0.0
MINIMAX,F,1,VORONOI,1,1.07649929523,0.351114928771,MINIMAX,T,4,CHAMBER,0,0.0229287147522,0.00728937188471,22.0,0.0,11.0172288418,0.0
MINIMAX,F,1,VORONOI,1,0.000456253687541,0.00010277188926,MINIMAX,F,1,RATIO,0,0.0245949355039,0.00561204054577,44.0,0.0,0.550696849823,0.0
MINIMAX,F,1,VORONOI,1,0.026680443022,0.00195720659105,MINIMAX,F,1,VORONOI,0,0.0243968009949,0.00273301270116,20.0,0.0,0.484108924866,0.0
MINIMAX,F,1,VORONOI,1,0.0436437659793,0.00430572589408,MINIMAX,F,1,CHAMBER,0,0.0252571344376,0.00107728967574,20.0,0.0,0.645379066467,0.0
MINIMAX,F,1,VORONOI,1,0.00185746238345,0.000458463390584,MINIMAX,F,2,RATIO,0,0.0244142575697,0.00501525830183,44.0,0.0,0.576152086258,0.0
MINIMAX,F,1,VORONOI,1,0.103057199054,0.00327067907234,MINIMAX,F,2,VORONOI,0,0.0276757478714,0.00765100093771,20.0,0.0,1.20429110527,0.0
MINIMAX,F,1,VORONOI,1,0.171983268526,0.00335241752006,MINIMAX,F,2,CHAMBER,0,0.0306962013245,0.0172005293372,20.0,0.0,1.8548309803,0.0
MINIMAX,F,1,VORONOI,1,0.0100478766716,0.00679839055126,MINIMAX,F,3,RATIO,0,0.0184722676569,0.00638557125272,294.0,0.0,4.18262290955,0.0
MINIMAX,F,1,VORONOI,0,0.170923276951,0.115134816345,MINIMAX,F,3,VORONOI,1,0.020787864118,0.00533645105428,151.0,0.0,14.5285871029,0.0
MINIMAX,F,1,VORONOI,1,0.287655553092,0.19566649583,MINIMAX,F,3,CHAMBER,0,0.0192526566085,0.00611154782685,186.0,0.0,28.2549638748,0.0
MINIMAX,F,1,VORONOI,1,0.019836929673,0.0157751353492,MINIMAX,F,4,RATIO,0,0.0187300191799,0.00610645511604,284.0,0.0,5.45688509941,0.0
MINIMAX,F,1,VORONOI,1,0.362553992133,0.313152006725,MINIMAX,F,4,VORONOI,0,0.0191714986623,0.00525574926448,278.0,0.0,52.6974990368,0.0
MINIMAX,F,1,VORONOI,1,0.88713380082,0.486168360422,MINIMAX,F,4,CHAMBER,0,0.0225359813587,0.00579956486506,148.0,0.0,66.4285540581,0.0
MINIMAX,F,1,VORONOI,1,1.69674555461e-05,4.10979200458e-06,NAIVE,N/A,N/A,N/A,0,0.0216905584141,0.005221246419,98.0,0.0,1.06372380257,0.0
MINIMAX,F,1,CHAMBER,1,0.000469945725941,0.000109354339055,MINIMAX,T,1,RATIO,0,0.0394341295416,0.00868088748324,44.0,0.0,0.877450942993,0.0
MINIMAX,F,1,CHAMBER,1,0.025144206153,0.00111167460595,MINIMAX,T,1,VORONOI,0,0.0379356145859,0.0127116300893,20.0,0.0,0.605667829514,0.0
MINIMAX,F,1,CHAMBER,1,0.0421686702304,0.00121227321764,MINIMAX,T,1,CHAMBER,0,0.0422198057175,0.00521706024765,20.0,0.0,0.801733970642,0.0
MINIMAX,F,1,CHAMBER,1,0.00129864329383,0.000362940063718,MINIMAX,T,2,RATIO,0,0.0401244163513,0.0087024472836,44.0,0.0,0.910037994385,0.0
MINIMAX,F,1,CHAMBER,1,0.0874803781509,0.0107289682259,MINIMAX,T,2,VORONOI,0,0.0407209613106,0.0052298989331,22.0,0.0,1.32276177406,0.0
MINIMAX,F,1,CHAMBER,1,0.153371691704,0.0115375707497,MINIMAX,T,2,CHAMBER,0,0.0462705438787,0.0126409747817,22.0,0.0,2.04271006584,0.0
MINIMAX,F,1,CHAMBER,1,0.00283762386867,0.000622604098046,MINIMAX,T,3,RATIO,0,0.0397795005278,0.00877638267355,44.0,0.0,0.934777975082,0.0
MINIMAX,F,1,CHAMBER,1,0.268316459656,0.0597547910118,MINIMAX,T,3,VORONOI,0,0.04036229307,0.0129071731213,22.0,0.0,3.12717103958,0.0
MINIMAX,F,1,CHAMBER,1,0.405268907547,0.130461806024,MINIMAX,T,3,CHAMBER,0,0.0477108088407,0.0165552163079,22.0,0.0,4.5775270462,0.0
MINIMAX,F,1,CHAMBER,1,0.00510816863089,0.00257151950419,MINIMAX,T,4,RATIO,0,0.0370437537923,0.0097775703867,68.0,0.0,1.42810893059,0.0
MINIMAX,F,1,CHAMBER,1,0.374981392675,0.222358522339,MINIMAX,T,4,VORONOI,0,0.0394947528839,0.0207718603141,136.0,0.0,27.8095138073,0.0
MINIMAX,F,1,CHAMBER,1,0.652975092763,0.586142714637,MINIMAX,T,4,CHAMBER,0,0.0442034701506,0.0402997954995,48.0,0.0,16.0793509483,0.0
MINIMAX,F,1,CHAMBER,1,0.000499055499122,0.000108390691098,MINIMAX,F,1,RATIO,0,0.0404737537557,0.00890965106989,44.0,0.0,0.900938034058,0.0
MINIMAX,F,1,CHAMBER,1,0.0256368584103,0.00177762351396,MINIMAX,F,1,VORONOI,0,0.0400716781616,0.0080884609361,20.0,0.0,0.631459951401,0.0
MINIMAX,F,1,CHAMBER,1,0.0431007014381,0.00226687935352,MINIMAX,F,1,CHAMBER,0,0.0413285732269,0.00507732004738,20.0,0.0,0.801207065582,0.0
MINIMAX,F,1,CHAMBER,1,0.00189691498166,0.000488171906611,MINIMAX,F,2,RATIO,0,0.0406948761507,0.0088215752497,44.0,0.0,0.935158014297,0.0
MINIMAX,F,1,CHAMBER,1,0.100125895606,0.0012982519256,MINIMAX,F,2,VORONOI,0,0.0426727771759,0.00322723455639,20.0,0.0,1.32787799835,0.0
MINIMAX,F,1,CHAMBER,1,0.170926358965,0.00586321638254,MINIMAX,F,2,CHAMBER,0,0.0463916778564,0.0133811465486,20.0,0.0,2.00227594376,0.0
MINIMAX,F,1,CHAMBER,1,0.00819929140919,0.00489670884048,MINIMAX,F,3,RATIO,0,0.0328611725959,0.00969763287021,214.0,0.0,4.38542890549,0.0
MINIMAX,F,1,CHAMBER,1,0.179041929734,0.115486760729,MINIMAX,F,3,VORONOI,0,0.0333454639097,0.0096671992715,158.0,0.0,16.599684,0.0
MINIMAX,F,1,CHAMBER,1,0.314308646146,0.19087072342,MINIMAX,F,3,CHAMBER,0,0.034071875173,0.00916038309113,172.0,0.0,29.6465499401,0.0
MINIMAX,F,1,CHAMBER,1,0.0179193897067,0.0122817689906,MINIMAX,F,4,RATIO,0,0.0333155783537,0.00968188223278,214.0,0.0,5.46438980103,0.0
MINIMAX,F,1,CHAMBER,0,0.404007027848,0.303314940962,MINIMAX,F,4,VORONOI,1,0.0282674006053,0.00937607602168,395.0,0.0,85.5341050625,0.0
MINIMAX,F,1,CHAMBER,1,0.583621544413,0.493048206836,MINIMAX,F,4,CHAMBER,0,0.0277175950299,0.0100720682844,406.0,0.0,123.518559933,0.0
MINIMAX,F,1,CHAMBER,1,1.79757674535e-05,3.0321289897e-06,NAIVE,N/A,N/A,N/A,0,0.0362728761167,0.00916381692884,98.0,0.0,1.77830004692,0.0
MINIMAX,F,2,RATIO,0,0.0024299002313,0.00126834708906,MINIMAX,T,1,RATIO,1,0.00866636751,0.00452795104793,461.0,0.0,2.54623699188,0.0
MINIMAX,F,2,RATIO,0,0.0198143992508,0.00498870835433,MINIMAX,T,1,VORONOI,1,0.00602970320798,0.00288602836008,341.0,0.0,4.40752291679,0.0
MINIMAX,F,2,RATIO,1,0.036249600924,0.00761536597158,MINIMAX,T,1,CHAMBER,0,0.00412392875423,0.00181366974797,184.0,0.0,3.67824912071,0.0
MINIMAX,F,2,RATIO,0,0.00653765743894,0.0037246895887,MINIMAX,T,2,RATIO,1,0.00852051545015,0.00449295951847,465.0,0.0,3.4918320179,0.0
MINIMAX,F,2,RATIO,1,0.0678055049306,0.0245387837923,MINIMAX,T,2,VORONOI,0,0.00600064979805,0.00266486075153,364.0,0.0,13.365156889,0.0
MINIMAX,F,2,RATIO,1,0.108989780089,0.0420999588726,MINIMAX,T,2,CHAMBER,0,0.00643730442426,0.00362271945785,342.0,0.0,19.6293141842,0.0
MINIMAX,F,2,RATIO,0,0.0130105221525,0.0070846449001,MINIMAX,T,3,RATIO,1,0.00829728990154,0.00436427155895,469.0,0.0,4.99106478691,0.0
MINIMAX,F,2,RATIO,0,0.151449624558,0.0925071527063,MINIMAX,T,3,VORONOI,1,0.00540643895166,0.00218812283542,341.0,0.0,26.8118479252,0.0
MINIMAX,F,2,RATIO,1,0.29573148849,0.127843184214,MINIMAX,T,3,CHAMBER,0,0.00552311738332,0.0024663678467,300.0,0.0,44.8927030563,0.0
MINIMAX,F,2,RATIO,0,0.013345940693,0.00736394715054,MINIMAX,T,4,RATIO,1,0.00532536473993,0.00245813259579,295.0,0.0,2.75293779373,0.0
MINIMAX,F,2,RATIO,1,0.387121058646,0.227509909234,MINIMAX,T,4,VORONOI,0,0.00396828370936,0.00166118835112,170.0,0.0,32.8556070328,0.0
MINIMAX,F,2,RATIO,1,0.608200454244,0.403657526811,MINIMAX,T,4,CHAMBER,0,0.00428461102606,0.00189227642455,206.0,0.0,62.4779450893,0.0
MINIMAX,F,2,RATIO,0,0.00247447315233,0.00131376016193,MINIMAX,F,1,RATIO,1,0.00870167636455,0.00458294606018,461.0,0.0,2.56462693214,0.0
MINIMAX,F,2,RATIO,0,0.0197906856648,0.00503299573677,MINIMAX,F,1,VORONOI,1,0.00597066709981,0.00283102163786,341.0,0.0,4.39350295067,0.0
MINIMAX,F,2,RATIO,1,0.0362723607283,0.00758938831414,MINIMAX,F,1,CHAMBER,0,0.00421387216319,0.00185234270253,184.0,0.0,3.68858909607,0.0
MINIMAX,F,2,RATIO,0,0.00888282912118,0.00454770911465,MINIMAX,F,2,RATIO,1,0.0085620630256,0.00442461807249,461.0,0.0,4.01298904419,0.0
MINIMAX,F,2,RATIO,1,0.0700210607969,0.0287079856272,MINIMAX,F,2,VORONOI,0,0.00642979996545,0.00298856570953,392.0,0.0,14.9146370888,0.0
MINIMAX,F,2,RATIO,0,0.109631746863,0.0454976415401,MINIMAX,F,2,CHAMBER,1,0.00687462992784,0.00360044364769,413.0,0.0,24.1033899784,0.0
MINIMAX,F,2,RATIO,0,0.0202323337654,0.0105250579689,MINIMAX,F,3,RATIO,1,0.0086967736873,0.00457936977744,461.0,0.0,6.6655831337,0.0
MINIMAX,F,2,RATIO,0,0.17541286541,0.110550486952,MINIMAX,F,3,VORONOI,1,0.00537635306635,0.00216822784471,341.0,0.0,30.9044599533,0.0
MINIMAX,F,2,RATIO,1,0.338448669337,0.156661993226,MINIMAX,F,3,CHAMBER,0,0.00607990768721,0.00405171808075,318.0,0.0,54.4418489933,0.0
MINIMAX,F,2,RATIO,0,0.0484071301006,0.0285377609803,MINIMAX,F,4,RATIO,1,0.00863703362485,0.00465658804996,473.0,0.0,13.5025789738,0.0
MINIMAX,F,2,RATIO,1,0.650439306446,0.33442050985,MINIMAX,F,4,VORONOI,0,0.00410902628335,0.00181694397635,186.0,0.0,60.2227170467,0.0
MINIMAX,F,2,RATIO,1,0.958499099694,0.555163900254,MINIMAX,F,4,CHAMBER,0,0.00442746079084,0.00198950754467,206.0,0.0,98.2231259346,0.0
MINIMAX,F,2,RATIO,0,3.77633354881e-05,0.000258753333604,NAIVE,N/A,N/A,N/A,1,0.00712121189187,0.0044452140771,439.0,0.0,1.56101202965,0.0
MINIMAX,F,2,VORONOI,1,0.00102895956773,0.000426662120292,MINIMAX,T,1,RATIO,0,0.0766613513609,0.0325854283994,158.0,0.0,6.13661789894,0.0
MINIMAX,F,2,VORONOI,0,0.0211706876755,0.00643739234017,MINIMAX,T,1,VORONOI,1,0.0834016137653,0.0219582882039,39.0,0.0,1.92467594147,0.0
MINIMAX,F,2,VORONOI,0,0.035514652729,0.0109720488228,MINIMAX,T,1,CHAMBER,1,0.0826176272498,0.0222774098181,39.0,0.0,2.19744300842,0.0
MINIMAX,F,2,VORONOI,0,0.00225448902742,0.00149366253631,MINIMAX,T,2,RATIO,1,0.0784891647629,0.0262984518522,161.0,0.0,6.38337802887,0.0
MINIMAX,F,2,VORONOI,1,0.0677361857031,0.0239790403751,MINIMAX,T,2,VORONOI,0,0.0729152475085,0.0293389813931,196.0,0.0,13.7162561417,0.0
MINIMAX,F,2,VORONOI,0,0.094860576448,0.0432303105791,MINIMAX,T,2,CHAMBER,1,0.0611979961395,0.0302037298473,293.0,0.0,22.8184399605,0.0
MINIMAX,F,2,VORONOI,1,0.0110592352377,0.00784898575288,MINIMAX,T,3,RATIO,0,0.0583546853835,0.0295128540957,372.0,0.0,12.9001970291,0.0
MINIMAX,F,2,VORONOI,1,0.135927992638,0.0831546031307,MINIMAX,T,3,VORONOI,0,0.0700484395027,0.0247285515907,200.0,0.0,20.4618711472,0.0
MINIMAX,F,2,VORONOI,1,0.276679054896,0.163010346545,MINIMAX,T,3,CHAMBER,0,0.076092434966,0.0243658608835,92.0,0.0,15.9508860111,0.0
MINIMAX,F,2,VORONOI,1,0.0117186769709,0.00956836450455,MINIMAX,T,4,RATIO,0,0.0685185045004,0.0239513571628,224.0,0.0,8.97505402565,0.0
MINIMAX,F,2,VORONOI,1,0.33062816116,0.211319940189,MINIMAX,T,4,VORONOI,0,0.0700369237739,0.0253301571456,214.0,0.0,42.5407040119,0.0
MINIMAX,F,2,VORONOI,1,0.488139849443,0.368346503533,MINIMAX,T,4,CHAMBER,0,0.0689036923906,0.0275571255263,184.0,0.0,50.7600250244,0.0
MINIMAX,F,2,VORONOI,1,0.00101950535407,0.000441926289064,MINIMAX,F,1,RATIO,0,0.0764234156548,0.0326109870551,158.0,0.0,6.11708188057,0.0
MINIMAX,F,2,VORONOI,0,0.0211047649384,0.00618029587109,MINIMAX,F,1,VORONOI,1,0.0826552708944,0.0221451527414,39.0,0.0,1.90992188454,0.0
MINIMAX,F,2,VORONOI,0,0.0355484485626,0.0103762389119,MINIMAX,F,1,CHAMBER,1,0.0838557084401,0.0224691547275,39.0,0.0,2.22040700912,0.0
MINIMAX,F,2,VORONOI,1,0.00377175734215,0.0017843976086,MINIMAX,F,2,RATIO,0,0.0769345809002,0.028640451888,196.0,0.0,7.90558385849,0.0
MINIMAX,F,2,VORONOI,1,0.0859700549733,0.0199438093634,MINIMAX,F,2,VORONOI,0,0.0712283175925,0.0373646449361,46.0,0.0,3.52963209152,0.0
MINIMAX,F,2,VORONOI,0,0.14436416626,0.0459672062224,MINIMAX,F,2,CHAMBER,1,0.0900174909168,0.0153805197391,39.0,0.0,4.50762701035,0.0
MINIMAX,F,2,VORONOI,0,0.0100440700849,0.00590802776996,MINIMAX,F,3,RATIO,1,0.0671977269447,0.0267842026769,239.0,0.0,9.13479113579,0.0
MINIMAX,F,2,VORONOI,1,0.171548967931,0.0981219213211,MINIMAX,F,3,VORONOI,0,0.0665341359598,0.0253416015688,270.0,0.0,31.9698710442,0.0
MINIMAX,F,2,VORONOI,0,0.368044246707,0.13648493437,MINIMAX,F,3,CHAMBER,1,0.0741336519068,0.0273668374079,113.0,0.0,25.0559790134,0.0
MINIMAX,F,2,VORONOI,0,0.0294912120923,0.0216974615082,MINIMAX,F,4,RATIO,1,0.0611882587959,0.0277182990913,293.0,0.0,13.2077381611,0.0
MINIMAX,F,2,VORONOI,1,0.499298699971,0.296132311058,MINIMAX,F,4,VORONOI,0,0.0673166768164,0.0292487090259,234.0,0.0,65.7948989868,0.0
MINIMAX,F,2,VORONOI,0,1.074515903,0.618435017583,MINIMAX,F,4,CHAMBER,1,0.0830281178157,0.02238168887,39.0,0.0,22.9848570824,0.0
MINIMAX,F,2,VORONOI,0,0.000124436000298,0.00112922930819,NAIVE,N/A,N/A,N/A,1,0.0687445924993,0.0193480122923,231.0,0.0,7.85146594048,0.0
MINIMAX,F,2,CHAMBER,1,0.0009815328651,0.000429533635605,MINIMAX,T,1,RATIO,0,0.12057436329,0.0520786551859,146.0,0.0,8.87271499634,0.0
MINIMAX,F,2,CHAMBER,0,0.0207054376602,0.00597897271919,MINIMAX,T,1,VORONOI,1,0.139248159197,0.0370849163352,39.0,0.0,2.92060399055,0.0
MINIMAX,F,2,CHAMBER,0,0.0352137207985,0.0106374695647,MINIMAX,T,1,CHAMBER,1,0.13939095868,0.0374501306278,39.0,0.0,3.21334385872,0.0
MINIMAX,F,2,CHAMBER,0,0.00386779469655,0.00244849821216,MINIMAX,T,2,RATIO,1,0.0976342335912,0.0546580817613,265.0,0.0,13.3047158718,0.0
MINIMAX,F,2,CHAMBER,1,0.064548405734,0.028436817865,MINIMAX,T,2,VORONOI,0,0.117112999377,0.0572669202492,46.0,0.0,4.11370301247,0.0
MINIMAX,F,2,CHAMBER,0,0.108309237853,0.0604572290895,MINIMAX,T,2,CHAMBER,1,0.132882152285,0.0474359964219,45.0,0.0,5.28166794777,0.0
MINIMAX,F,2,CHAMBER,1,0.00571056534262,0.00319649175853,MINIMAX,T,3,RATIO,0,0.115715539733,0.0417681184279,172.0,0.0,10.4370698929,0.0
MINIMAX,F,2,CHAMBER,1,0.121583702184,0.0813926352092,MINIMAX,T,3,VORONOI,0,0.0849271674951,0.0474692460581,240.0,0.0,24.659924984,0.0
MINIMAX,F,2,CHAMBER,0,0.232062066303,0.145869422947,MINIMAX,T,3,CHAMBER,1,0.113207524473,0.0447945105269,135.0,0.0,23.2520279884,0.0
MINIMAX,F,2,CHAMBER,1,0.00997159252428,0.00686565936417,MINIMAX,T,4,RATIO,0,0.120619574109,0.0426490959497,148.0,0.0,9.6538939476,0.0
MINIMAX,F,2,CHAMBER,1,0.365646082163,0.264027954153,MINIMAX,T,4,VORONOI,0,0.116443122306,0.0526138797718,82.0,0.0,19.4000818729,0.0
MINIMAX,F,2,CHAMBER,1,0.625402241945,0.537172608731,MINIMAX,T,4,CHAMBER,0,0.126604576111,0.0509734291608,50.0,0.0,18.1748170853,0.0
MINIMAX,F,2,CHAMBER,1,0.000963389873505,0.0003894229988,MINIMAX,F,1,RATIO,0,0.120397244414,0.0521329092907,146.0,0.0,8.85849094391,0.0
MINIMAX,F,2,CHAMBER,0,0.0211402177811,0.00632049554451,MINIMAX,F,1,VORONOI,1,0.139442112711,0.037688692302,39.0,0.0,2.93279409409,0.0
MINIMAX,F,2,CHAMBER,0,0.035077214241,0.0101980171277,MINIMAX,F,1,CHAMBER,1,0.139243748453,0.0374062544521,39.0,0.0,3.20796012878,0.0
MINIMAX,F,2,CHAMBER,1,0.00394113189296,0.00191245279184,MINIMAX,F,2,RATIO,0,0.125502422452,0.0442411569788,192.0,0.0,12.4227890968,0.0
MINIMAX,F,2,CHAMBER,0,0.0758737564087,0.0309873670018,MINIMAX,F,2,VORONOI,1,0.139533268081,0.0384346358619,39.0,0.0,4.02911996841,0.0
MINIMAX,F,2,CHAMBER,0,0.142608618736,0.0454634169243,MINIMAX,F,2,CHAMBER,1,0.150513503287,0.0248117961787,39.0,0.0,5.56145191193,0.0
MINIMAX,F,2,CHAMBER,1,0.0183428229159,0.0111785618984,MINIMAX,F,3,RATIO,0,0.0793229341507,0.0468920306285,476.0,0.0,23.2264769077,0.0
MINIMAX,F,2,CHAMBER,1,0.184206406275,0.110803644719,MINIMAX,F,3,VORONOI,0,0.104677708525,0.0536399959308,152.0,0.0,21.7711119652,0.0
MINIMAX,F,2,CHAMBER,0,0.344277321538,0.14635274562,MINIMAX,F,3,CHAMBER,1,0.115891970597,0.0457017004631,157.0,0.0,36.1217269897,0.0
MINIMAX,F,2,CHAMBER,1,0.0285235907407,0.0220739122555,MINIMAX,F,4,RATIO,0,0.096225810051,0.0480297114907,300.0,0.0,18.6841371059,0.0
MINIMAX,F,2,CHAMBER,1,0.464394413907,0.338234842938,MINIMAX,F,4,VORONOI,0,0.115418471609,0.0431641926069,140.0,0.0,40.1226320267,0.0
MINIMAX,F,2,CHAMBER,0,1.07104830742,0.617812487897,MINIMAX,F,4,CHAMBER,1,0.140264378654,0.0393179921291,39.0,0.0,23.945759058,0.0
MINIMAX,F,2,CHAMBER,0,3.87947810324e-05,0.00023303331162,NAIVE,N/A,N/A,N/A,1,0.0860892724991,0.0456747918343,303.0,0.0,12.9194920063,0.0
MINIMAX,F,3,RATIO,0,0.00279495698303,0.00149458016162,MINIMAX,T,1,RATIO,1,0.0225273765119,0.0102519674403,535.0,0.0,6.7417318821,0.0
MINIMAX,F,3,RATIO,1,0.0169208144667,0.00650759679456,MINIMAX,T,1,VORONOI,0,0.0139077111046,0.00755050225796,404.0,0.0,6.21071410179,0.0
MINIMAX,F,3,RATIO,1,0.0261182301449,0.010607953477,MINIMAX,T,1,CHAMBER,0,0.0149454723501,0.00746065992165,426.0,0.0,8.72075796127,0.0
MINIMAX,F,3,RATIO,0,0.00797758618397,0.00422936993482,MINIMAX,T,2,RATIO,1,0.0216470858208,0.0107644135614,535.0,0.0,7.89653205872,0.0
MINIMAX,F,3,RATIO,0,0.0578776280814,0.0272448856019,MINIMAX,T,2,VORONOI,1,0.0102661435849,0.00469160135529,217.0,0.0,7.40729188919,0.0
MINIMAX,F,3,RATIO,1,0.114958278835,0.0416354222876,MINIMAX,T,2,CHAMBER,0,0.00759224158067,0.00327918175331,130.0,0.0,7.85092997551,0.0
MINIMAX,F,3,RATIO,1,0.0149342509789,0.00762605751877,MINIMAX,T,3,RATIO,0,0.0163186146663,0.00804566838481,494.0,0.0,7.70488715172,0.0
MINIMAX,F,3,RATIO,1,0.134574700708,0.0860092643268,MINIMAX,T,3,VORONOI,0,0.011860432268,0.00541420896956,294.0,0.0,21.3916270733,0.0
MINIMAX,F,3,RATIO,0,0.183683346097,0.140397873821,MINIMAX,T,3,CHAMBER,1,0.014213861771,0.00739270658929,415.0,0.0,41.134552002,0.0
MINIMAX,F,3,RATIO,0,0.0273145931738,0.0166646522747,MINIMAX,T,4,RATIO,1,0.0191177974886,0.0103763863356,539.0,0.0,12.4989790916,0.0
MINIMAX,F,3,RATIO,1,0.344883986495,0.238057551467,MINIMAX,T,4,VORONOI,0,0.00900305255076,0.0031453682781,178.0,0.0,31.1512041092,0.0
MINIMAX,F,3,RATIO,1,0.527584922423,0.393543800683,MINIMAX,T,4,CHAMBER,0,0.0101865356619,0.00440668094418,220.0,0.0,58.6274590492,0.0
MINIMAX,F,3,RATIO,0,0.00277067209358,0.00147236186017,MINIMAX,F,1,RATIO,1,0.0224398016033,0.0102359959373,535.0,0.0,6.71193194389,0.0
MINIMAX,F,3,RATIO,1,0.0169034454953,0.00648360147786,MINIMAX,F,1,VORONOI,0,0.0139882765194,0.00760060976048,404.0,0.0,6.22350907326,0.0
MINIMAX,F,3,RATIO,1,0.0262324753797,0.0106088452516,MINIMAX,F,1,CHAMBER,0,0.0149239318472,0.00751506739057,426.0,0.0,8.74041295052,0.0
MINIMAX,F,3,RATIO,0,0.0101626631039,0.00523710738016,MINIMAX,F,2,RATIO,1,0.0223203252133,0.0101055798056,535.0,0.0,8.66122102737,0.0
MINIMAX,F,3,RATIO,0,0.0638124045976,0.0278013799935,MINIMAX,F,2,VORONOI,1,0.010436739877,0.00486591408467,217.0,0.0,8.07245779037,0.0
MINIMAX,F,3,RATIO,1,0.128522932529,0.0438305357249,MINIMAX,F,2,CHAMBER,0,0.00755840815031,0.00314904665155,130.0,0.0,8.71686291695,0.0
MINIMAX,F,3,RATIO,0,0.0184828105258,0.00820042612933,MINIMAX,F,3,RATIO,1,0.017780881179,0.00796679970077,535.0,0.0,9.68354105949,0.0
MINIMAX,F,3,RATIO,1,0.173019872953,0.0999881297117,MINIMAX,F,3,VORONOI,0,0.0119285080709,0.00546842343423,294.0,0.0,27.0146269798,0.0
MINIMAX,F,3,RATIO,1,0.240439643565,0.159801606486,MINIMAX,F,3,CHAMBER,0,0.0138119294093,0.00702715800417,390.0,0.0,49.3389489651,0.0
MINIMAX,F,3,RATIO,0,0.0388224633165,0.0193983553724,MINIMAX,F,4,RATIO,1,0.0162930330262,0.00760058314209,515.0,0.0,14.1876251698,0.0
MINIMAX,F,3,RATIO,1,0.39410688636,0.307646486207,MINIMAX,F,4,VORONOI,0,0.0144003276718,0.00782502307938,358.0,0.0,72.7289779186,0.0
MINIMAX,F,3,RATIO,1,0.825361165735,0.548170684697,MINIMAX,F,4,CHAMBER,0,0.00976887317972,0.00418344507709,218.0,0.0,90.2040128708,0.0
MINIMAX,F,3,RATIO,1,1.96102401973e-05,4.67139186476e-06,NAIVE,N/A,N/A,N/A,0,0.0120981025199,0.00579926898263,384.0,0.0,2.32682394981,0.0
MINIMAX,F,3,VORONOI,0,0.00087005441839,0.000350129496507,MINIMAX,T,1,RATIO,1,0.260849788785,0.0816016221014,131.0,0.0,16.7519030571,0.0
MINIMAX,F,3,VORONOI,1,0.021519314159,0.00458869018809,MINIMAX,T,1,VORONOI,0,0.227805666302,0.112244821876,46.0,0.0,5.71298789978,0.0
MINIMAX,F,3,VORONOI,0,0.0298412293196,0.00878993239988,MINIMAX,T,1,CHAMBER,1,0.181134433686,0.0935440668704,319.0,0.0,33.3940751553,0.0
MINIMAX,F,3,VORONOI,0,0.00218741677024,0.00133703524072,MINIMAX,T,2,RATIO,1,0.252518541408,0.0993599713746,109.0,0.0,13.5038790703,0.0
MINIMAX,F,3,VORONOI,0,0.0694997695185,0.0264547769021,MINIMAX,T,2,VORONOI,1,0.210834051001,0.126174627866,61.0,0.0,8.26872801781,0.0
MINIMAX,F,3,VORONOI,0,0.117879106152,0.0449835236435,MINIMAX,T,2,CHAMBER,1,0.210982207594,0.126482610102,61.0,0.0,9.77278900146,0.0
MINIMAX,F,3,VORONOI,0,0.0065102151462,0.00451067134907,MINIMAX,T,3,RATIO,1,0.20519303694,0.104878348988,167.0,0.0,17.3728320599,0.0
MINIMAX,F,3,VORONOI,0,0.108050264724,0.0849578894562,MINIMAX,T,3,VORONOI,1,0.169015236304,0.102847758904,145.0,0.0,19.8878669739,0.0
MINIMAX,F,3,VORONOI,0,0.289023833615,0.191110190289,MINIMAX,T,3,CHAMBER,1,0.24266066001,0.103908175717,55.0,0.0,14.4018929005,0.0
MINIMAX,F,3,VORONOI,0,0.0209964609572,0.0139586362602,MINIMAX,T,4,RATIO,1,0.133847578152,0.0953044531409,447.0,0.0,34.4177119732,0.0
MINIMAX,F,3,VORONOI,0,0.382125692708,0.234912645728,MINIMAX,T,4,VORONOI,1,0.246693628806,0.0834063625807,111.0,0.0,34.7205970287,0.0
MINIMAX,F,3,VORONOI,0,0.491087497667,0.469853922503,MINIMAX,T,4,CHAMBER,1,0.171796205567,0.122366622619,85.0,0.0,28.1604781151,0.0
MINIMAX,F,3,VORONOI,0,0.000911604274403,0.000378763748543,MINIMAX,F,1,RATIO,1,0.259740207344,0.0805021173276,131.0,0.0,16.6836369038,0.0
MINIMAX,F,3,VORONOI,1,0.0213726758957,0.0046958404392,MINIMAX,F,1,VORONOI,0,0.226307278094,0.110555406571,46.0,0.0,5.675303936,0.0
MINIMAX,F,3,VORONOI,0,0.0297702044249,0.00895529230299,MINIMAX,F,1,CHAMBER,1,0.180408643771,0.093544054579,319.0,0.0,33.2680649757,0.0
MINIMAX,F,3,VORONOI,0,0.00310255180706,0.00134501496515,MINIMAX,F,2,RATIO,1,0.260493826121,0.0811368017082,131.0,0.0,16.8764719963,0.0
MINIMAX,F,3,VORONOI,0,0.0723233923079,0.0251071744477,MINIMAX,F,2,VORONOI,1,0.201466919914,0.091083726664,251.0,0.0,34.0948460102,0.0
MINIMAX,F,3,VORONOI,1,0.113385180447,0.0472780822898,MINIMAX,F,2,CHAMBER,0,0.203977496536,0.0890043771685,216.0,0.0,34.1619689465,0.0
MINIMAX,F,3,VORONOI,0,0.0074874785409,0.00411791055454,MINIMAX,F,3,RATIO,1,0.229270993746,0.0845078806904,133.0,0.0,15.4043831825,0.0
MINIMAX,F,3,VORONOI,0,0.217435695231,0.108795351028,MINIMAX,F,3,VORONOI,1,0.213539624214,0.106774540844,63.0,0.0,13.3641901016,0.0
MINIMAX,F,3,VORONOI,1,0.39343680874,0.160106824734,MINIMAX,F,3,CHAMBER,0,0.20934625715,0.123119190788,64.0,0.0,18.8956809044,0.0
MINIMAX,F,3,VORONOI,1,0.0226052522659,0.01382396406,MINIMAX,F,4,RATIO,0,0.18928876028,0.112311115306,182.0,0.0,19.2598969936,0.0
MINIMAX,F,3,VORONOI,1,0.39938732209,0.335473469483,MINIMAX,F,4,VORONOI,0,0.18202075827,0.093409950861,218.0,0.0,62.9742908478,0.0
MINIMAX,F,3,VORONOI,1,0.851996667762,0.467921330608,MINIMAX,F,4,CHAMBER,0,0.188044870893,0.109168447217,192.0,0.0,98.9921729565,0.0
MINIMAX,F,3,VORONOI,0,0.000256168431249,0.00254151643381,NAIVE,N/A,N/A,N/A,1,0.181353198855,0.0789094025093,231.0,0.0,20.7041358948,0.0
MINIMAX,F,3,CHAMBER,0,0.00225915963,0.0108784638609,MINIMAX,T,1,RATIO,1,0.39980731454,0.139073304123,175.0,0.0,34.5823938847,0.0
MINIMAX,F,3,CHAMBER,1,0.0213872952895,0.00467663757595,MINIMAX,T,1,VORONOI,0,0.376129616862,0.187644353919,46.0,0.0,9.12153291702,0.0
MINIMAX,F,3,CHAMBER,1,0.0300683991329,0.0102294315196,MINIMAX,T,1,CHAMBER,0,0.314144276933,0.170516351583,298.0,0.0,51.2578639984,0.0
MINIMAX,F,3,CHAMBER,0,0.00235255559285,0.00114967302716,MINIMAX,T,2,RATIO,1,0.343679531624,0.177867541055,155.0,0.0,26.3032748699,0.0
MINIMAX,F,3,CHAMBER,0,0.0714232690873,0.0259453195673,MINIMAX,T,2,VORONOI,1,0.353319866904,0.211870713049,61.0,0.0,12.4604640007,0.0
MINIMAX,F,3,CHAMBER,1,0.100636091861,0.0493174884352,MINIMAX,T,2,CHAMBER,0,0.346172397551,0.171390839713,184.0,0.0,41.0059149265,0.0
MINIMAX,F,3,CHAMBER,1,0.0026191605462,0.000923006869178,MINIMAX,T,3,RATIO,0,0.408565299852,0.180017845019,56.0,0.0,11.5105979443,0.0
MINIMAX,F,3,CHAMBER,0,0.135938574473,0.0795231395766,MINIMAX,T,3,VORONOI,1,0.293619184881,0.168435504654,299.0,0.0,63.8466899395,0.0
MINIMAX,F,3,CHAMBER,1,0.253590734699,0.136701124969,MINIMAX,T,3,CHAMBER,0,0.295217499137,0.185875495628,160.0,0.0,43.6512238979,0.0
MINIMAX,F,3,CHAMBER,1,0.005627784729,0.00241154472024,MINIMAX,T,4,RATIO,0,0.434920421013,0.151633695368,52.0,0.0,11.4486711025,0.0
MINIMAX,F,3,CHAMBER,1,0.334962351221,0.219795292329,MINIMAX,T,4,VORONOI,0,0.335081530942,0.173056181169,144.0,0.0,47.908331871,0.0
MINIMAX,F,3,CHAMBER,1,0.645406623681,0.39702523026,MINIMAX,T,4,CHAMBER,0,0.366086998924,0.167009676122,122.0,0.0,61.0558240414,0.0
MINIMAX,F,3,CHAMBER,0,0.00222857431932,0.0104842756021,MINIMAX,F,1,RATIO,1,0.398224783498,0.138731819507,175.0,0.0,34.4435839653,0.0
MINIMAX,F,3,CHAMBER,1,0.0219252868132,0.00523461639909,MINIMAX,F,1,VORONOI,0,0.378807969715,0.185726114428,46.0,0.0,9.19497299194,0.0
MINIMAX,F,3,CHAMBER,1,0.0302047197883,0.0100110326326,MINIMAX,F,1,CHAMBER,0,0.314360020145,0.170422799657,298.0,0.0,51.3101961613,0.0
MINIMAX,F,3,CHAMBER,0,0.00494301860983,0.0107922139794,MINIMAX,F,2,RATIO,1,0.399613086567,0.139437129581,175.0,0.0,34.8018581867,0.0
MINIMAX,F,3,CHAMBER,1,0.0767807023866,0.0284198865249,MINIMAX,F,2,VORONOI,0,0.33549192034,0.191363050054,58.0,0.0,11.879172802,0.0
MINIMAX,F,3,CHAMBER,0,0.131780794689,0.0475273520358,MINIMAX,F,2,CHAMBER,1,0.376401561499,0.185755364423,83.0,0.0,20.5909268856,0.0
MINIMAX,F,3,CHAMBER,0,0.00680393353105,0.00372695865317,MINIMAX,F,3,RATIO,1,0.341836514012,0.162974981206,127.0,0.0,21.629420042,0.0
MINIMAX,F,3,CHAMBER,0,0.204716712236,0.0906527182846,MINIMAX,F,3,VORONOI,1,0.323174647663,0.181973042015,95.0,0.0,24.692512989,0.0
MINIMAX,F,3,CHAMBER,0,0.289522937893,0.161534299267,MINIMAX,F,3,CHAMBER,1,0.275601402082,0.172138350659,193.0,0.0,54.2660200596,0.0
MINIMAX,F,3,CHAMBER,0,0.0162844620645,0.00967635064102,MINIMAX,F,4,RATIO,1,0.342197587413,0.165286851252,127.0,0.0,22.2585771084,0.0
MINIMAX,F,3,CHAMBER,1,0.501174820553,0.280142341104,MINIMAX,F,4,VORONOI,0,0.298590975839,0.160586406102,222.0,0.0,88.2730371952,0.0
MINIMAX,F,3,CHAMBER,1,0.860224552369,0.500353869772,MINIMAX,F,4,CHAMBER,0,0.329677886433,0.158703582595,180.0,0.0,106.231169939,0.0
MINIMAX,F,3,CHAMBER,0,4.17676626467e-05,0.000271046353242,NAIVE,N/A,N/A,N/A,1,0.187075362347,0.150385591694,407.0,0.0,37.7980568409,0.0
MINIMAX,F,4,RATIO,0,0.00283687011055,0.00150268190583,MINIMAX,T,1,RATIO,1,0.0543139407234,0.0287228792962,551.0,0.0,15.6653921604,0.0
MINIMAX,F,4,RATIO,1,0.0169335218211,0.00657073692171,MINIMAX,T,1,VORONOI,0,0.0328758659929,0.0186079265749,404.0,0.0,10.0448749065,0.0
MINIMAX,F,4,RATIO,1,0.0261423070476,0.0103046456614,MINIMAX,T,1,CHAMBER,0,0.0356148430999,0.0197407918822,426.0,0.0,13.1284840107,0.0
MINIMAX,F,4,RATIO,0,0.00802926631535,0.00426691911241,MINIMAX,T,2,RATIO,1,0.0519678937064,0.0298544845323,543.0,0.0,16.2157289982,0.0
MINIMAX,F,4,RATIO,0,0.0575752761386,0.0271394024359,MINIMAX,T,2,VORONOI,1,0.0253633360996,0.0123240102398,217.0,0.0,8.98975896835,0.0
MINIMAX,F,4,RATIO,1,0.115669734776,0.0408601456277,MINIMAX,T,2,CHAMBER,0,0.0196323798253,0.0098824943866,130.0,0.0,8.67907595634,0.0
MINIMAX,F,4,RATIO,0,0.0166087238877,0.0084382042155,MINIMAX,T,3,RATIO,1,0.0417400669696,0.0224342836283,539.0,0.0,15.6711149216,0.0
MINIMAX,F,4,RATIO,1,0.161973248588,0.0910453558897,MINIMAX,T,3,VORONOI,0,0.0242491999825,0.0126421813844,182.0,0.0,16.7844221592,0.0
MINIMAX,F,4,RATIO,1,0.21020715822,0.136737787975,MINIMAX,T,3,CHAMBER,0,0.0303007506189,0.0171102061444,336.0,0.0,40.1954069138,0.0
MINIMAX,F,4,RATIO,1,0.0235691783072,0.0138362446168,MINIMAX,T,4,RATIO,0,0.0425578565088,0.0265568784456,524.0,0.0,17.3021128178,0.0
MINIMAX,F,4,RATIO,1,0.431296490706,0.256077239398,MINIMAX,T,4,VORONOI,0,0.0192652513396,0.0100663144591,106.0,0.0,23.4485759735,0.0
MINIMAX,F,4,RATIO,0,0.455984668806,0.382150899208,MINIMAX,T,4,CHAMBER,1,0.0260216716736,0.0123285348492,255.0,0.0,61.6449840069,0.0
MINIMAX,F,4,RATIO,0,0.00282761670541,0.00145028346447,MINIMAX,F,1,RATIO,1,0.0545132899806,0.0287771237485,551.0,0.0,15.7175149918,0.0
MINIMAX,F,4,RATIO,1,0.0167640904289,0.0064874317574,MINIMAX,F,1,VORONOI,0,0.0325311646603,0.018555390151,404.0,0.0,9.94117808342,0.0
MINIMAX,F,4,RATIO,1,0.0260756510609,0.0102282573397,MINIMAX,F,1,CHAMBER,0,0.0354233392527,0.0199211545909,426.0,0.0,13.0735328197,0.0
MINIMAX,F,4,RATIO,0,0.0102576317611,0.00531541063577,MINIMAX,F,2,RATIO,1,0.0538017954399,0.02879774098,539.0,0.0,17.1888568401,0.0
MINIMAX,F,4,RATIO,0,0.0639566259647,0.0276504959165,MINIMAX,F,2,VORONOI,1,0.0255303939926,0.0123734659902,217.0,0.0,9.70320701599,0.0
MINIMAX,F,4,RATIO,1,0.129616919905,0.044267708783,MINIMAX,F,2,CHAMBER,0,0.0195772721217,0.00962768255206,130.0,0.0,9.56811499596,0.0
MINIMAX,F,4,RATIO,0,0.018369615078,0.00901411796581,MINIMAX,F,3,RATIO,1,0.0407605695386,0.0209318636001,567.0,0.0,16.7119059563,0.0
MINIMAX,F,4,RATIO,1,0.165142891454,0.122828653673,MINIMAX,F,3,VORONOI,0,0.0238934697457,0.0114655288566,206.0,0.0,19.3057701588,0.0
MINIMAX,F,4,RATIO,1,0.257976143859,0.157767466219,MINIMAX,F,3,CHAMBER,0,0.0298314618237,0.0167634552957,346.0,0.0,49.5330331326,0.0
MINIMAX,F,4,RATIO,0,0.0412229131645,0.0215023973945,MINIMAX,F,4,RATIO,1,0.0405079937996,0.0208017272798,567.0,0.0,23.1310269833,0.0
MINIMAX,F,4,RATIO,1,0.44760433197,0.386731410716,MINIMAX,F,4,VORONOI,0,0.0212675840548,0.0120469964699,202.0,0.0,46.9086270332,0.0
MINIMAX,F,4,RATIO,1,0.770000329018,0.624826297014,MINIMAX,F,4,CHAMBER,0,0.0214993316348,0.0123731541104,202.0,0.0,79.1716430187,0.0
MINIMAX,F,4,RATIO,1,1.85552570555e-05,4.8855071803e-06,NAIVE,N/A,N/A,N/A,0,0.0183359261217,0.0137065157817,290.0,0.0,2.66156101227,0.0
MINIMAX,F,4,VORONOI,0,0.00193541607958,0.0083344344203,MINIMAX,T,1,RATIO,1,0.733363162147,0.293581526798,93.0,0.0,33.0923879147,0.0
MINIMAX,F,4,VORONOI,0,0.018974429369,0.00640507617121,MINIMAX,T,1,VORONOI,1,0.435567070276,0.353298696912,159.0,0.0,35.4923138618,0.0
MINIMAX,F,4,VORONOI,0,0.0362179722897,0.0065667547283,MINIMAX,T,1,CHAMBER,1,0.667688259264,0.253612155918,85.0,0.0,28.9326679707,0.0
MINIMAX,F,4,VORONOI,0,0.00217574250464,0.00142159328587,MINIMAX,T,2,RATIO,1,0.670508005181,0.336005574705,101.0,0.0,32.9659359455,0.0
MINIMAX,F,4,VORONOI,1,0.0592885273415,0.0259611628779,MINIMAX,T,2,VORONOI,0,0.502240850131,0.289675631808,300.0,0.0,84.1703569889,0.0
MINIMAX,F,4,VORONOI,1,0.0986138738435,0.0479015840071,MINIMAX,T,2,CHAMBER,0,0.528945256586,0.291407028145,292.0,0.0,91.5252690315,0.0
MINIMAX,F,4,VORONOI,1,0.00568830490112,0.00299233548807,MINIMAX,T,3,RATIO,0,0.518665752913,0.371955543258,152.0,0.0,39.8453512192,0.0
MINIMAX,F,4,VORONOI,0,0.147145598899,0.0759581151434,MINIMAX,T,3,VORONOI,1,0.441631993582,0.30638915761,261.0,0.0,76.2468290329,0.0
MINIMAX,F,4,VORONOI,1,0.274033226465,0.140611380296,MINIMAX,T,3,CHAMBER,0,0.484728088627,0.317953664536,154.0,0.0,58.1507248878,0.0
MINIMAX,F,4,VORONOI,1,0.0107240813902,0.00587588520565,MINIMAX,T,4,RATIO,0,0.533067204735,0.357936890117,176.0,0.0,47.8430609703,0.0
MINIMAX,F,4,VORONOI,1,0.280658397799,0.22560465201,MINIMAX,T,4,VORONOI,0,0.514686381662,0.269929215835,308.0,0.0,122.202743053,0.0
MINIMAX,F,4,VORONOI,0,0.481794417606,0.309428679605,MINIMAX,T,4,CHAMBER,1,0.498747293438,0.304505189146,339.0,0.0,165.694940805,0.0
MINIMAX,F,4,VORONOI,0,0.00193111947242,0.00836215727955,MINIMAX,F,1,RATIO,1,0.733088869519,0.293680313886,93.0,0.0,33.0798549652,0.0
MINIMAX,F,4,VORONOI,0,0.0190973579884,0.00654096130678,MINIMAX,F,1,VORONOI,1,0.433784350371,0.35118395064,159.0,0.0,35.3630878925,0.0
MINIMAX,F,4,VORONOI,0,0.0361020620479,0.00708675567579,MINIMAX,F,1,CHAMBER,1,0.664041280746,0.25263835738,85.0,0.0,28.778151989,0.0
MINIMAX,F,4,VORONOI,0,0.00388788162394,0.00812086190032,MINIMAX,F,2,RATIO,1,0.733531798257,0.293732717243,93.0,0.0,33.1917431355,0.0
MINIMAX,F,4,VORONOI,1,0.0829837864096,0.0242662847501,MINIMAX,F,2,VORONOI,0,0.6488506483,0.356244463261,46.0,0.0,16.7492539883,0.0
MINIMAX,F,4,VORONOI,1,0.137906735594,0.0399486102548,MINIMAX,F,2,CHAMBER,0,0.650731169659,0.35940789473,46.0,0.0,18.0008170605,0.0
MINIMAX,F,4,VORONOI,0,0.0115853621896,0.00675484374382,MINIMAX,F,3,RATIO,1,0.469026043608,0.36021875915,225.0,0.0,53.3712151051,0.0
MINIMAX,F,4,VORONOI,0,0.211508668794,0.105987807589,MINIMAX,F,3,VORONOI,1,0.545780428431,0.338603448253,179.0,0.0,67.064622879,0.0
MINIMAX,F,4,VORONOI,0,0.334278084136,0.159389230789,MINIMAX,F,3,CHAMBER,1,0.539961586396,0.291917785681,147.0,0.0,63.613961935,0.0
MINIMAX,F,4,VORONOI,1,0.0240449929478,0.0140730248634,MINIMAX,F,4,RATIO,0,0.487410407066,0.3630987535,200.0,0.0,51.1216671467,0.0
MINIMAX,F,4,VORONOI,1,0.563337408766,0.3396922038,MINIMAX,F,4,VORONOI,0,0.5840944767,0.320049540986,100.0,0.0,56.8083500862,0.0
MINIMAX,F,4,VORONOI,0,0.788661532104,0.572953959033,MINIMAX,F,4,CHAMBER,1,0.506464912045,0.325022332942,127.0,0.0,81.8752961159,0.0
MINIMAX,F,4,VORONOI,0,0.000184309893641,0.00175105014393,NAIVE,N/A,N/A,N/A,1,0.496756281769,0.253600302627,231.0,0.0,56.6517629623,0.0
MINIMAX,F,4,CHAMBER,1,0.00109018438003,0.000498030985437,MINIMAX,T,1,RATIO,0,0.942973580471,0.568355301148,172.0,0.0,81.1885399818,0.0
MINIMAX,F,4,CHAMBER,1,0.021723725579,0.00509146831144,MINIMAX,T,1,VORONOI,0,1.00716464416,0.619188426628,46.0,0.0,23.6427481174,0.0
MINIMAX,F,4,CHAMBER,1,0.0292952106257,0.00982130546484,MINIMAX,T,1,CHAMBER,0,0.565220199054,0.514563747323,316.0,0.0,93.9043970108,0.0
MINIMAX,F,4,CHAMBER,1,0.0030948788512,0.00163979713012,MINIMAX,T,2,RATIO,0,0.776409741744,0.588436128269,206.0,0.0,80.2860629559,0.0
MINIMAX,F,4,CHAMBER,1,0.0569762722138,0.0276120274282,MINIMAX,T,2,VORONOI,0,0.644307935492,0.558425764338,188.0,0.0,65.8638958931,0.0
MINIMAX,F,4,CHAMBER,1,0.117974801497,0.044736680567,MINIMAX,T,2,CHAMBER,0,0.922552181327,0.697002695213,46.0,0.0,23.8141829967,0.0
MINIMAX,F,4,CHAMBER,1,0.00558761144296,0.00337764173323,MINIMAX,T,3,RATIO,0,0.952993845638,0.571126571681,158.0,0.0,75.7224919796,0.0
MINIMAX,F,4,CHAMBER,1,0.158821567412,0.0968299429222,MINIMAX,T,3,VORONOI,0,0.810521885753,0.682438466562,64.0,0.0,30.8602230549,0.0
MINIMAX,F,4,CHAMBER,1,0.24616793069,0.167058056282,MINIMAX,T,3,CHAMBER,0,1.02679699262,0.505761860226,90.0,0.0,57.0373411179,0.0
MINIMAX,F,4,CHAMBER,1,0.0115174122576,0.00719437838911,MINIMAX,T,4,RATIO,0,0.814230876548,0.573459405197,214.0,0.0,88.3437480927,0.0
MINIMAX,F,4,CHAMBER,1,0.318040286578,0.257287800659,MINIMAX,T,4,VORONOI,0,0.855224035003,0.537335831866,132.0,0.0,77.117536068,0.0
MINIMAX,F,4,CHAMBER,1,0.464221117448,0.383163655863,MINIMAX,T,4,CHAMBER,0,0.756096324535,0.495146112914,198.0,0.0,120.347397089,0.0
MINIMAX,F,4,CHAMBER,1,0.00108470075271,0.000453274189937,MINIMAX,F,1,RATIO,0,0.943237315777,0.567875378417,172.0,0.0,81.2107520103,0.0
MINIMAX,F,4,CHAMBER,1,0.0220104347576,0.00531562536858,MINIMAX,F,1,VORONOI,0,1.00948196909,0.619220145317,46.0,0.0,23.7023491859,0.0
MINIMAX,F,4,CHAMBER,1,0.0293325755247,0.00996653754509,MINIMAX,F,1,CHAMBER,0,0.563889210737,0.513167169132,316.0,0.0,93.6999671459,0.0
MINIMAX,F,4,CHAMBER,1,0.00380856570076,0.00182761712202,MINIMAX,F,2,RATIO,0,0.942055535871,0.56789134891,172.0,0.0,81.3406469822,0.0
MINIMAX,F,4,CHAMBER,0,0.0766039125381,0.0285696955125,MINIMAX,F,2,VORONOI,1,0.877350387902,0.666640370209,61.0,0.0,27.8179349899,0.0
MINIMAX,F,4,CHAMBER,1,0.0943769367914,0.0484433321782,MINIMAX,F,2,CHAMBER,0,0.689812714659,0.491339894943,254.0,0.0,99.497936964,0.0
MINIMAX,F,4,CHAMBER,0,0.0113389848852,0.00641009569048,MINIMAX,F,3,RATIO,1,0.623579191339,0.577013115326,293.0,0.0,92.0860710144,0.0
MINIMAX,F,4,CHAMBER,0,0.234810318266,0.0959435588409,MINIMAX,F,3,VORONOI,1,0.922982802758,0.658114229422,55.0,0.0,30.5722949505,0.0
MINIMAX,F,4,CHAMBER,1,0.343644888313,0.163848444755,MINIMAX,F,3,CHAMBER,0,0.74364676909,0.5992988635,110.0,0.0,59.4574968815,0.0
MINIMAX,F,4,CHAMBER,1,0.0240841481997,0.0141368524343,MINIMAX,F,4,RATIO,0,0.846546649933,0.592327116902,186.0,0.0,80.9447381496,0.0
MINIMAX,F,4,CHAMBER,0,0.659673018115,0.316063029894,MINIMAX,F,4,VORONOI,1,0.923512559671,0.667978490554,55.0,0.0,42.4822361469,0.0
MINIMAX,F,4,CHAMBER,1,0.852567502431,0.5306295706,MINIMAX,F,4,CHAMBER,0,0.873417955178,0.50095354609,156.0,0.0,133.774456024,0.0
MINIMAX,F,4,CHAMBER,0,3.93956394519e-05,0.000197564107585,NAIVE,N/A,N/A,N/A,1,0.52766968053,0.507192726212,235.0,0.0,61.2144989967,0.0
NAIVE,N/A,N/A,N/A,1,0.00374606032121,0.00195548646052,MINIMAX,T,1,RATIO,0,4.11550516844e-05,0.000344836001719,762.0,0.0,1.4396378994,0.0
NAIVE,N/A,N/A,N/A,1,0.0217364788055,0.00387692001887,MINIMAX,T,1,VORONOI,0,0.000103972396072,0.00116148692278,392.0,0.0,4.25922107697,0.0
NAIVE,N/A,N/A,N/A,1,0.0353423485389,0.00645795940346,MINIMAX,T,1,CHAMBER,0,6.92095075335e-05,0.000663555235998,392.0,0.0,6.90556907654,0.0
NAIVE,N/A,N/A,N/A,1,0.000685273147211,0.000337723007123,MINIMAX,T,2,RATIO,0,3.9191473098e-05,0.000157720675307,84.0,0.0,0.0297899246216,0.0
NAIVE,N/A,N/A,N/A,1,0.0484785300035,0.0287251542873,MINIMAX,T,2,VORONOI,0,4.28006849216e-05,0.000268681878033,262.0,0.0,6.30796098709,0.0
NAIVE,N/A,N/A,N/A,1,0.0839528993729,0.0485062268367,MINIMAX,T,2,CHAMBER,0,0.000448192249645,0.004473030935,220.0,0.0,9.2003068924,0.0
NAIVE,N/A,N/A,N/A,1,0.00127595824164,0.00105034601596,MINIMAX,T,3,RATIO,0,4.09703505667e-05,0.000143781973607,76.0,0.0,0.0488140583038,0.0
NAIVE,N/A,N/A,N/A,1,0.13715170897,0.141584806923,MINIMAX,T,3,VORONOI,0,4.07519163909e-05,0.000123003858992,54.0,0.0,3.56707715988,0.0
NAIVE,N/A,N/A,N/A,1,0.19724581611,0.191200647595,MINIMAX,T,3,CHAMBER,0,3.51170698802e-05,0.000138414291378,144.0,0.0,14.0070719719,0.0
NAIVE,N/A,N/A,N/A,1,0.00273602349418,0.00234435516774,MINIMAX,T,4,RATIO,0,4.25468791615e-05,0.000122765506764,44.0,0.0,0.0584378242493,0.0
NAIVE,N/A,N/A,N/A,1,0.192805162696,0.315604396652,MINIMAX,T,4,VORONOI,0,3.83528796109e-05,0.000140323642338,88.0,0.0,8.29236698151,0.0
NAIVE,N/A,N/A,N/A,1,0.552607747946,0.346227775072,MINIMAX,T,4,CHAMBER,0,0.000725642840068,0.00665077619469,180.0,0.0,49.2475168705,0.0
NAIVE,N/A,N/A,N/A,0,0.00280706584454,0.00145579534507,MINIMAX,F,1,RATIO,1,2.07212236192e-05,5.72333105592e-06,543.0,0.0,0.769436120987,0.0
NAIVE,N/A,N/A,N/A,1,0.0217592324966,0.00377366509333,MINIMAX,F,1,VORONOI,0,0.000101838793073,0.00113612618384,392.0,0.0,4.26322197914,0.0
NAIVE,N/A,N/A,N/A,1,0.0395465540082,0.00498765880836,MINIMAX,F,1,CHAMBER,0,0.000258104006449,0.00225301731646,180.0,0.0,3.5429751873,0.0
NAIVE,N/A,N/A,N/A,0,0.00567211824305,0.00321567025987,MINIMAX,F,2,RATIO,1,1.89503297111e-05,5.52788902559e-06,305.0,0.0,0.870892047882,0.0
NAIVE,N/A,N/A,N/A,1,0.060434914347,0.0252628174177,MINIMAX,F,2,VORONOI,0,0.000150064185814,0.00151894629059,270.0,0.0,8.11870598793,0.0
NAIVE,N/A,N/A,N/A,0,0.0899974292087,0.041050285259,MINIMAX,F,2,CHAMBER,1,2.14378039042e-05,4.40646818501e-06,387.0,0.0,17.4638710022,0.0
NAIVE,N/A,N/A,N/A,1,0.00483985150114,0.00351720182069,MINIMAX,F,3,RATIO,0,4.61637973785e-05,0.000206983355407,96.0,0.0,0.229753017426,0.0
NAIVE,N/A,N/A,N/A,0,0.108978476406,0.102844546188,MINIMAX,F,3,VORONOI,1,1.88270536791e-05,3.16629045239e-06,241.0,0.0,13.1887881756,0.0
NAIVE,N/A,N/A,N/A,0,0.221371799967,0.154231618798,MINIMAX,F,3,CHAMBER,1,1.98900172141e-05,3.45745938757e-06,229.0,0.0,25.4601650238,0.0
NAIVE,N/A,N/A,N/A,0,0.0208964498024,0.0127600485219,MINIMAX,F,4,RATIO,1,1.82056427002e-05,4.03037705079e-06,253.0,0.0,2.65628409386,0.0
NAIVE,N/A,N/A,N/A,0,0.262387374216,0.310853043259,MINIMAX,F,4,VORONOI,1,1.90674757757e-05,2.85675597908e-06,241.0,0.0,31.7512848377,0.0
NAIVE,N/A,N/A,N/A,0,0.433093013842,0.515979489781,MINIMAX,F,4,CHAMBER,1,2.03897973069e-05,4.28784288447e-06,241.0,0.0,52.406870842,0.0
NAIVE,N/A,N/A,N/A,1,1.51856972353e-05,3.29753561117e-06,NAIVE,N/A,N/A,N/A,0,1.58306481182e-05,4.09603362812e-06,276.0,0.0,0.00433301925659,0.0
Bot #1 Type,Pruning,Depth,Heuristic,Wins,Mean Turn Time,    Stdev Turn Time,Bot #2 Type,Pruning,Depth,Heuristic,Wins,Mean Turn Time, Stdev Turn Time,    Mean # Turns/Match,Stdev # Rounds/Match,Mean Sec/Match, Stdev Sec/Match
MINIMAX,T,7,RATIO,2,0.0925560938003,0.0798386023829,MINIMAX,T,7,RATIO,3,0.09407213121,0.0800270738052,332.0,104.768315821,30.8868004322,17.6186609356
MINIMAX,T,7,RATIO,1,2.9915706833,3.44593208148,MINIMAX,T,7,VORONOI,4,0.0552388227114,0.0434879081532,188.2,73.5320338356,286.943337536,58.0008021087
MINIMAX,T,7,RATIO,4,4.84943970354,5.61599546068,MINIMAX,T,7,CHAMBER,1,0.0594160171824,0.0638553508694,218.0,89.5053071052,530.216024351,86.5818826491
MINIMAX,T,7,RATIO,1,3.20727174932e-05,0.000185430419504,NAIVE,N/A,N/A,N/A,4,0.0772246361462,0.0646108922404,281.4,115.344007213,10.7852554321,6.57557492995
MINIMAX,T,7,VORONOI,0,0.0672641300293,0.0614681549441,MINIMAX,T,7,RATIO,5,3.1312978097,3.00623802158,165.0,91.8955929302,259.218193579,93.4744642441
MINIMAX,T,7,VORONOI,3,3.89347272727,3.76758250021,MINIMAX,T,7,VORONOI,2,3.63279682853,3.75291589483,100.4,41.4950599469,374.029621601,95.1712998045
MINIMAX,T,7,VORONOI,2,5.45556980741,5.33690922,MINIMAX,T,7,CHAMBER,3,3.226302072,3.34498974709,161.8,69.5798821499,698.468507767,218.148398929
MINIMAX,T,7,VORONOI,2,2.77207328687e-05,0.00010825996685,NAIVE,N/A,N/A,N/A,3,2.2442242061,2.75259958001,308.2,162.396305377,344.268475771,164.503897583
MINIMAX,T,7,CHAMBER,3,0.0727764449169,0.0685310756604,MINIMAX,T,7,RATIO,2,4.5581882937,4.88525352229,195.2,119.260051987,450.115394163,147.511563786
MINIMAX,T,7,CHAMBER,3,3.41818889112,3.33486300926,MINIMAX,T,7,VORONOI,2,4.9257729805,5.65765277936,147.8,101.625587329,612.748468399,257.769688119
MINIMAX,T,7,CHAMBER,3,6.15965968521,6.48454605189,MINIMAX,T,7,CHAMBER,2,7.35032466418,6.06055422231,112.0,56.1818476022,749.923318529,227.564188804
MINIMAX,T,7,CHAMBER,0,4.52242606928e-05,0.000279122114409,NAIVE,N/A,N/A,N/A,5,4.65865250796,5.05471407449,241.0,132.839753086,554.385309362,226.749841049
NAIVE,N/A,N/A,N/A,2,0.0730794871998,0.0599412254619,MINIMAX,T,7,RATIO,3,3.81788737337e-05,0.00043553531672,342.2,14.1336477952,12.4887082577,1.47965220183
NAIVE,N/A,N/A,N/A,4,2.98377002954,3.32720817582,MINIMAX,T,7,VORONOI,1,0.000928183437122,0.0197753963963,196.4,102.755243175,290.113748932,121.803683439
NAIVE,N/A,N/A,N/A,5,3.88936788605,4.71427377612,MINIMAX,T,7,CHAMBER,0,4.31003283017e-05,0.000270732575539,397.2,102.501512184,766.99224062,199.044671565
NAIVE,N/A,N/A,N/A,3,1.73379790108e-05,4.63420299961e-06,NAIVE,N/A,N/A,N/A,2,1.7404106852e-05,4.45672618645e-06,425.2,62.3134014478,0.00749101638794,0.00133685654929
